,year,STATEFP,COUNTYFP,weighted,Name,MedianHouseValue
0,2010,8,1,1.275267538644471,"Adams County, Colorado",196100.0
1,2010,8,1,1.275267538644471,"Adams County, Colorado",196100.0
2,2010,8,3,1.0,"Alamosa County, Colorado",131100.0
3,2010,8,3,1.0,"Alamosa County, Colorado",131100.0
4,2010,8,5,1.2168738898756661,"Arapahoe County, Colorado",232300.0
5,2010,8,5,1.2168738898756661,"Arapahoe County, Colorado",232300.0
6,2010,8,7,1.1595744680851063,"Archuleta County, Colorado",304400.0
7,2010,8,7,1.1595744680851063,"Archuleta County, Colorado",304400.0
8,2010,8,9,1.0,"Baca County, Colorado",72700.0
9,2010,8,9,1.0,"Baca County, Colorado",72700.0
10,2010,8,11,1.15625,"Bent County, Colorado",69400.0
11,2010,8,11,1.15625,"Bent County, Colorado",69400.0
12,2010,8,13,1.2713333333333334,"Boulder County, Colorado",353300.0
13,2010,8,13,1.2713333333333334,"Boulder County, Colorado",353300.0
14,2010,8,14,1.3191489361702127,"Broomfield County, Colorado",270500.0
15,2010,8,14,1.3191489361702127,"Broomfield County, Colorado",270500.0
16,2010,8,15,1.0,"Chaffee County, Colorado",248100.0
17,2010,8,15,1.0,"Chaffee County, Colorado",248100.0
18,2010,8,17,1.2083333333333333,"Cheyenne County, Colorado",80700.0
19,2010,8,17,1.2083333333333333,"Cheyenne County, Colorado",80700.0
20,2010,8,19,1.25,"Clear Creek County, Colorado",280000.0
21,2010,8,19,1.25,"Clear Creek County, Colorado",280000.0
22,2010,8,21,1.0238095238095237,"Conejos County, Colorado",112200.0
23,2010,8,21,1.0238095238095237,"Conejos County, Colorado",112200.0
24,2010,8,23,1.0,"Costilla County, Colorado",105200.0
25,2010,8,23,1.0,"Costilla County, Colorado",105200.0
26,2010,8,25,1.2352941176470589,"Crowley County, Colorado",81400.0
27,2010,8,25,1.2352941176470589,"Crowley County, Colorado",81400.0
28,2010,8,27,1.0714285714285714,"Custer County, Colorado",218400.0
29,2010,8,27,1.0714285714285714,"Custer County, Colorado",218400.0
30,2010,8,29,1.1329787234042554,"Delta County, Colorado",193900.0
31,2010,8,29,1.1329787234042554,"Delta County, Colorado",193900.0
32,2010,8,31,1.2457436556376487,"Denver County, Colorado",240900.0
33,2010,8,31,1.2457436556376487,"Denver County, Colorado",240900.0
34,2010,8,33,1.0,"Dolores County, Colorado",136200.0
35,2010,8,33,1.0,"Dolores County, Colorado",136200.0
36,2010,8,35,1.1753312945973498,"Douglas County, Colorado",338700.0
37,2010,8,35,1.1753312945973498,"Douglas County, Colorado",338700.0
38,2010,8,37,1.2238805970149254,"Eagle County, Colorado",530900.0
39,2010,8,37,1.2238805970149254,"Eagle County, Colorado",530900.0
40,2010,8,39,1.0789473684210527,"Elbert County, Colorado",346400.0
41,2010,8,39,1.0789473684210527,"Elbert County, Colorado",346400.0
42,2010,8,41,1.0621665982765696,"El Paso County, Colorado",216800.0
43,2010,8,41,1.0621665982765696,"El Paso County, Colorado",216800.0
44,2010,8,43,1.0,"Fremont County, Colorado",152800.0
45,2010,8,43,1.0,"Fremont County, Colorado",152800.0
46,2010,8,45,1.269406392694064,"Garfield County, Colorado",341600.0
47,2010,8,45,1.269406392694064,"Garfield County, Colorado",341600.0
48,2010,8,47,1.2727272727272727,"Gilpin County, Colorado",316400.0
49,2010,8,47,1.2727272727272727,"Gilpin County, Colorado",316400.0
50,2010,8,49,1.0849056603773586,"Grand County, Colorado",269100.0
51,2010,8,49,1.0849056603773586,"Grand County, Colorado",269100.0
52,2010,8,51,1.25,"Gunnison County, Colorado",335100.0
53,2010,8,51,1.25,"Gunnison County, Colorado",335100.0
54,2010,8,53,1.5,"Hinsdale County, Colorado",275000.0
55,2010,8,53,1.5,"Hinsdale County, Colorado",275000.0
56,2010,8,55,1.0588235294117647,"Huerfano County, Colorado",154900.0
57,2010,8,55,1.0588235294117647,"Huerfano County, Colorado",154900.0
58,2010,8,57,1.1666666666666667,"Jackson County, Colorado",144300.0
59,2010,8,57,1.1666666666666667,"Jackson County, Colorado",144300.0
60,2010,8,59,1.2622321067529316,"Jefferson County, Colorado",259300.0
61,2010,8,59,1.2622321067529316,"Jefferson County, Colorado",259300.0
62,2010,8,61,1.2058823529411764,"Kiowa County, Colorado",62200.0
63,2010,8,61,1.2058823529411764,"Kiowa County, Colorado",62200.0
64,2010,8,63,1.0857142857142856,"Kit Carson County, Colorado",102300.0
65,2010,8,63,1.0857142857142856,"Kit Carson County, Colorado",102300.0
66,2010,8,65,1.375,"Lake County, Colorado",168200.0
67,2010,8,65,1.375,"Lake County, Colorado",168200.0
68,2010,8,67,1.273972602739726,"La Plata County, Colorado",343400.0
69,2010,8,67,1.273972602739726,"La Plata County, Colorado",343400.0
70,2010,8,69,1.0537663755458515,"Larimer County, Colorado",246000.0
71,2010,8,69,1.0537663755458515,"Larimer County, Colorado",246000.0
72,2010,8,71,1.1746987951807228,"Las Animas County, Colorado",142300.0
73,2010,8,71,1.1746987951807228,"Las Animas County, Colorado",142300.0
74,2010,8,73,1.0568181818181819,"Lincoln County, Colorado",103700.0
75,2010,8,73,1.0568181818181819,"Lincoln County, Colorado",103700.0
76,2010,8,75,1.0880681818181819,"Logan County, Colorado",119900.0
77,2010,8,75,1.0880681818181819,"Logan County, Colorado",119900.0
78,2010,8,77,1.1136363636363635,"Mesa County, Colorado",221000.0
79,2010,8,77,1.1136363636363635,"Mesa County, Colorado",221000.0
80,2010,8,79,1.5,"Mineral County, Colorado",258300.0
81,2010,8,79,1.5,"Mineral County, Colorado",258300.0
82,2010,8,81,1.1593406593406594,"Moffat County, Colorado",166300.0
83,2010,8,81,1.1593406593406594,"Moffat County, Colorado",166300.0
84,2010,8,83,1.1363636363636365,"Montezuma County, Colorado",191500.0
85,2010,8,83,1.1363636363636365,"Montezuma County, Colorado",191500.0
86,2010,8,85,1.1513513513513514,"Montrose County, Colorado",201700.0
87,2010,8,85,1.1513513513513514,"Montrose County, Colorado",201700.0
88,2010,8,87,1.1908127208480566,"Morgan County, Colorado",136200.0
89,2010,8,87,1.1908127208480566,"Morgan County, Colorado",136200.0
90,2010,8,89,1.3630952380952381,"Otero County, Colorado",93800.0
91,2010,8,89,1.3630952380952381,"Otero County, Colorado",93800.0
92,2010,8,91,1.04,"Ouray County, Colorado",405800.0
93,2010,8,91,1.04,"Ouray County, Colorado",405800.0
94,2010,8,93,1.1451612903225807,"Park County, Colorado",245800.0
95,2010,8,93,1.1451612903225807,"Park County, Colorado",245800.0
96,2010,8,95,1.1590909090909092,"Phillips County, Colorado",111600.0
97,2010,8,95,1.1590909090909092,"Phillips County, Colorado",111600.0
98,2010,8,97,1.3076923076923077,"Pitkin County, Colorado",670200.0
99,2010,8,97,1.3076923076923077,"Pitkin County, Colorado",670200.0
100,2010,8,99,1.14,"Prowers County, Colorado",83000.0
101,2010,8,99,1.14,"Prowers County, Colorado",83000.0
102,2010,8,101,1.2191901408450705,"Pueblo County, Colorado",140700.0
103,2010,8,101,1.2191901408450705,"Pueblo County, Colorado",140700.0
104,2010,8,103,1.1818181818181819,"Rio Blanco County, Colorado",193300.0
105,2010,8,103,1.1818181818181819,"Rio Blanco County, Colorado",193300.0
106,2010,8,105,1.225,"Rio Grande County, Colorado",129300.0
107,2010,8,105,1.225,"Rio Grande County, Colorado",129300.0
108,2010,8,107,1.191275167785235,"Routt County, Colorado",422300.0
109,2010,8,107,1.191275167785235,"Routt County, Colorado",422300.0
110,2010,8,109,1.1470588235294117,"Saguache County, Colorado",120500.0
111,2010,8,109,1.1470588235294117,"Saguache County, Colorado",120500.0
112,2010,8,111,1.5,"San Juan County, Colorado",252000.0
113,2010,8,111,1.5,"San Juan County, Colorado",252000.0
114,2010,8,113,1.1666666666666667,"San Miguel County, Colorado",493000.0
115,2010,8,113,1.1666666666666667,"San Miguel County, Colorado",493000.0
116,2010,8,115,1.0735294117647058,"Sedgwick County, Colorado",83100.0
117,2010,8,115,1.0735294117647058,"Sedgwick County, Colorado",83100.0
118,2010,8,117,1.2226027397260273,"Summit County, Colorado",465700.0
119,2010,8,117,1.2226027397260273,"Summit County, Colorado",465700.0
120,2010,8,119,1.0235294117647058,"Teller County, Colorado",226000.0
121,2010,8,119,1.0235294117647058,"Teller County, Colorado",226000.0
122,2010,8,121,1.2142857142857142,"Washington County, Colorado",114300.0
123,2010,8,121,1.2142857142857142,"Washington County, Colorado",114300.0
124,2010,8,123,1.1203703703703705,"Weld County, Colorado",195700.0
125,2010,8,123,1.1203703703703705,"Weld County, Colorado",195700.0
126,2010,8,125,1.188118811881188,"Yuma County, Colorado",116200.0
127,2010,8,125,1.188118811881188,"Yuma County, Colorado",116200.0
128,2011,8,1,1.4893319342427422,"Adams County, Colorado",192300.0
129,2011,8,1,1.4893319342427422,"Adams County, Colorado",192300.0
130,2011,8,3,1.551056338028169,"Alamosa County, Colorado",130400.0
131,2011,8,3,1.551056338028169,"Alamosa County, Colorado",130400.0
132,2011,8,5,1.5516240051624006,"Arapahoe County, Colorado",231200.0
133,2011,8,5,1.5516240051624006,"Arapahoe County, Colorado",231200.0
134,2011,8,7,1.293010752688172,"Archuleta County, Colorado",303800.0
135,2011,8,7,1.293010752688172,"Archuleta County, Colorado",303800.0
136,2011,8,9,1.2401315789473684,"Baca County, Colorado",71500.0
137,2011,8,9,1.2401315789473684,"Baca County, Colorado",71500.0
138,2011,8,11,1.2960893854748603,"Bent County, Colorado",74300.0
139,2011,8,11,1.2960893854748603,"Bent County, Colorado",74300.0
140,2011,8,13,1.5412457912457913,"Boulder County, Colorado",353000.0
141,2011,8,13,1.5412457912457913,"Boulder County, Colorado",353000.0
142,2011,8,14,1.5943152454780363,"Broomfield County, Colorado",270500.0
143,2011,8,14,1.5943152454780363,"Broomfield County, Colorado",270500.0
144,2011,8,15,1.6367521367521367,"Chaffee County, Colorado",244600.0
145,2011,8,15,1.6367521367521367,"Chaffee County, Colorado",244600.0
146,2011,8,17,1.2787610619469028,"Cheyenne County, Colorado",83200.0
147,2011,8,17,1.2787610619469028,"Cheyenne County, Colorado",83200.0
148,2011,8,19,1.6071428571428572,"Clear Creek County, Colorado",279600.0
149,2011,8,19,1.6071428571428572,"Clear Creek County, Colorado",279600.0
150,2011,8,21,1.524,"Conejos County, Colorado",110200.0
151,2011,8,21,1.524,"Conejos County, Colorado",110200.0
152,2011,8,23,1.478021978021978,"Costilla County, Colorado",102600.0
153,2011,8,23,1.478021978021978,"Costilla County, Colorado",102600.0
154,2011,8,25,1.3060344827586208,"Crowley County, Colorado",83600.0
155,2011,8,25,1.3060344827586208,"Crowley County, Colorado",83600.0
156,2011,8,27,1.480263157894737,"Custer County, Colorado",225600.0
157,2011,8,27,1.480263157894737,"Custer County, Colorado",225600.0
158,2011,8,29,1.312169312169312,"Delta County, Colorado",198400.0
159,2011,8,29,1.312169312169312,"Delta County, Colorado",198400.0
160,2011,8,31,1.5180657918389358,"Denver County, Colorado",243400.0
161,2011,8,31,1.5180657918389358,"Denver County, Colorado",243400.0
162,2011,8,33,1.2857142857142858,"Dolores County, Colorado",130800.0
163,2011,8,33,1.2857142857142858,"Dolores County, Colorado",130800.0
164,2011,8,35,1.6102985984156002,"Douglas County, Colorado",337900.0
165,2011,8,35,1.6102985984156002,"Douglas County, Colorado",337900.0
166,2011,8,37,1.4579439252336448,"Eagle County, Colorado",530200.0
167,2011,8,37,1.4579439252336448,"Eagle County, Colorado",530200.0
168,2011,8,39,1.4958333333333333,"Elbert County, Colorado",344200.0
169,2011,8,39,1.4958333333333333,"Elbert County, Colorado",344200.0
170,2011,8,41,1.48927805575411,"El Paso County, Colorado",217000.0
171,2011,8,41,1.48927805575411,"El Paso County, Colorado",217000.0
172,2011,8,43,1.4356589147286822,"Fremont County, Colorado",158200.0
173,2011,8,43,1.4356589147286822,"Fremont County, Colorado",158200.0
174,2011,8,45,1.3302469135802468,"Garfield County, Colorado",343700.0
175,2011,8,45,1.3302469135802468,"Garfield County, Colorado",343700.0
176,2011,8,47,1.5714285714285714,"Gilpin County, Colorado",320700.0
177,2011,8,47,1.5714285714285714,"Gilpin County, Colorado",320700.0
178,2011,8,49,1.565217391304348,"Grand County, Colorado",283200.0
179,2011,8,49,1.565217391304348,"Grand County, Colorado",283200.0
180,2011,8,51,1.6375,"Gunnison County, Colorado",338100.0
181,2011,8,51,1.6375,"Gunnison County, Colorado",338100.0
182,2011,8,53,1.6666666666666667,"Hinsdale County, Colorado",284800.0
183,2011,8,53,1.6666666666666667,"Hinsdale County, Colorado",284800.0
184,2011,8,55,1.3757062146892656,"Huerfano County, Colorado",149100.0
185,2011,8,55,1.3757062146892656,"Huerfano County, Colorado",149100.0
186,2011,8,57,1.6666666666666667,"Jackson County, Colorado",122600.0
187,2011,8,57,1.6666666666666667,"Jackson County, Colorado",122600.0
188,2011,8,59,1.571047720607838,"Jefferson County, Colorado",259400.0
189,2011,8,59,1.571047720607838,"Jefferson County, Colorado",259400.0
190,2011,8,61,1.2986111111111112,"Kiowa County, Colorado",75100.0
191,2011,8,61,1.2986111111111112,"Kiowa County, Colorado",75100.0
192,2011,8,63,1.2344961240310077,"Kit Carson County, Colorado",115900.0
193,2011,8,63,1.2344961240310077,"Kit Carson County, Colorado",115900.0
194,2011,8,65,1.5833333333333333,"Lake County, Colorado",171600.0
195,2011,8,65,1.5833333333333333,"Lake County, Colorado",171600.0
196,2011,8,67,1.4190476190476191,"La Plata County, Colorado",342800.0
197,2011,8,67,1.4190476190476191,"La Plata County, Colorado",342800.0
198,2011,8,69,1.3617539585870888,"Larimer County, Colorado",244600.0
199,2011,8,69,1.3617539585870888,"Larimer County, Colorado",244600.0
200,2011,8,71,1.3501118568232662,"Las Animas County, Colorado",147600.0
201,2011,8,71,1.3501118568232662,"Las Animas County, Colorado",147600.0
202,2011,8,73,1.2950819672131149,"Lincoln County, Colorado",104600.0
203,2011,8,73,1.2950819672131149,"Lincoln County, Colorado",104600.0
204,2011,8,75,1.3279569892473118,"Logan County, Colorado",121400.0
205,2011,8,75,1.3279569892473118,"Logan County, Colorado",121400.0
206,2011,8,77,1.6454545454545455,"Mesa County, Colorado",222800.0
207,2011,8,77,1.6454545454545455,"Mesa County, Colorado",222800.0
208,2011,8,79,1.35,"Mineral County, Colorado",284700.0
209,2011,8,79,1.35,"Mineral County, Colorado",284700.0
210,2011,8,81,1.6555555555555554,"Moffat County, Colorado",178400.0
211,2011,8,81,1.6555555555555554,"Moffat County, Colorado",178400.0
212,2011,8,83,1.3194444444444444,"Montezuma County, Colorado",191500.0
213,2011,8,83,1.3194444444444444,"Montezuma County, Colorado",191500.0
214,2011,8,85,1.3449477351916377,"Montrose County, Colorado",202200.0
215,2011,8,85,1.3449477351916377,"Montrose County, Colorado",202200.0
216,2011,8,87,1.3650190114068441,"Morgan County, Colorado",136700.0
217,2011,8,87,1.3650190114068441,"Morgan County, Colorado",136700.0
218,2011,8,89,1.315748031496063,"Otero County, Colorado",93300.0
219,2011,8,89,1.315748031496063,"Otero County, Colorado",93300.0
220,2011,8,91,1.5166666666666666,"Ouray County, Colorado",442600.0
221,2011,8,91,1.5166666666666666,"Ouray County, Colorado",442600.0
222,2011,8,93,1.5408163265306123,"Park County, Colorado",246100.0
223,2011,8,93,1.5408163265306123,"Park County, Colorado",246100.0
224,2011,8,95,1.2900552486187846,"Phillips County, Colorado",121200.0
225,2011,8,95,1.2900552486187846,"Phillips County, Colorado",121200.0
226,2011,8,97,1.575,"Pitkin County, Colorado",664300.0
227,2011,8,97,1.575,"Pitkin County, Colorado",664300.0
228,2011,8,99,1.2444237918215613,"Prowers County, Colorado",83100.0
229,2011,8,99,1.2444237918215613,"Prowers County, Colorado",83100.0
230,2011,8,101,1.4025735294117647,"Pueblo County, Colorado",140700.0
231,2011,8,101,1.4025735294117647,"Pueblo County, Colorado",140700.0
232,2011,8,103,1.7352941176470589,"Rio Blanco County, Colorado",201600.0
233,2011,8,103,1.7352941176470589,"Rio Blanco County, Colorado",201600.0
234,2011,8,105,1.490506329113924,"Rio Grande County, Colorado",141600.0
235,2011,8,105,1.490506329113924,"Rio Grande County, Colorado",141600.0
236,2011,8,107,1.7450980392156863,"Routt County, Colorado",434700.0
237,2011,8,107,1.7450980392156863,"Routt County, Colorado",434700.0
238,2011,8,109,1.4823529411764707,"Saguache County, Colorado",131400.0
239,2011,8,109,1.4823529411764707,"Saguache County, Colorado",131400.0
240,2011,8,111,1.6666666666666667,"San Juan County, Colorado",259500.0
241,2011,8,111,1.6666666666666667,"San Juan County, Colorado",259500.0
242,2011,8,113,1.5,"San Miguel County, Colorado",487100.0
243,2011,8,113,1.5,"San Miguel County, Colorado",487100.0
244,2011,8,115,1.3433734939759037,"Sedgwick County, Colorado",83500.0
245,2011,8,115,1.3433734939759037,"Sedgwick County, Colorado",83500.0
246,2011,8,117,1.5347222222222223,"Summit County, Colorado",465200.0
247,2011,8,117,1.5347222222222223,"Summit County, Colorado",465200.0
248,2011,8,119,1.4747474747474747,"Teller County, Colorado",229600.0
249,2011,8,119,1.4747474747474747,"Teller County, Colorado",229600.0
250,2011,8,121,1.3376068376068375,"Washington County, Colorado",117000.0
251,2011,8,121,1.3376068376068375,"Washington County, Colorado",117000.0
252,2011,8,123,1.3842130290061816,"Weld County, Colorado",193300.0
253,2011,8,123,1.3842130290061816,"Weld County, Colorado",193300.0
254,2011,8,125,1.2936802973977695,"Yuma County, Colorado",117700.0
255,2011,8,125,1.2936802973977695,"Yuma County, Colorado",117700.0
256,2012,8,1,1.1685510358767055,"Adams County, Colorado",188100.0
257,2012,8,1,1.1685510358767055,"Adams County, Colorado",188100.0
258,2012,8,3,1.1733212341197823,"Alamosa County, Colorado",133200.0
259,2012,8,3,1.1733212341197823,"Alamosa County, Colorado",133200.0
260,2012,8,5,1.1725281473899694,"Arapahoe County, Colorado",230900.0
261,2012,8,5,1.1725281473899694,"Arapahoe County, Colorado",230900.0
262,2012,8,7,1.0928792569659442,"Archuleta County, Colorado",291300.0
263,2012,8,7,1.0928792569659442,"Archuleta County, Colorado",291300.0
264,2012,8,9,1.096654275092937,"Baca County, Colorado",72300.0
265,2012,8,9,1.096654275092937,"Baca County, Colorado",72300.0
266,2012,8,11,1.137878787878788,"Bent County, Colorado",70600.0
267,2012,8,11,1.137878787878788,"Bent County, Colorado",70600.0
268,2012,8,13,1.140404555498895,"Boulder County, Colorado",354300.0
269,2012,8,13,1.140404555498895,"Boulder County, Colorado",354300.0
270,2012,8,14,1.154070828769624,"Broomfield County, Colorado",274900.0
271,2012,8,14,1.154070828769624,"Broomfield County, Colorado",274900.0
272,2012,8,15,1.106425702811245,"Chaffee County, Colorado",256300.0
273,2012,8,15,1.106425702811245,"Chaffee County, Colorado",256300.0
274,2012,8,17,1.1419213973799127,"Cheyenne County, Colorado",81700.0
275,2012,8,17,1.1419213973799127,"Cheyenne County, Colorado",81700.0
276,2012,8,19,1.1153846153846154,"Clear Creek County, Colorado",278700.0
277,2012,8,19,1.1153846153846154,"Clear Creek County, Colorado",278700.0
278,2012,8,21,1.1548913043478262,"Conejos County, Colorado",106300.0
279,2012,8,21,1.1548913043478262,"Conejos County, Colorado",106300.0
280,2012,8,23,1.123134328358209,"Costilla County, Colorado",90400.0
281,2012,8,23,1.123134328358209,"Costilla County, Colorado",90400.0
282,2012,8,25,1.1304347826086956,"Crowley County, Colorado",80400.0
283,2012,8,25,1.1304347826086956,"Crowley County, Colorado",80400.0
284,2012,8,27,1.135483870967742,"Custer County, Colorado",224000.0
285,2012,8,27,1.135483870967742,"Custer County, Colorado",224000.0
286,2012,8,29,1.1232394366197183,"Delta County, Colorado",198600.0
287,2012,8,29,1.1232394366197183,"Delta County, Colorado",198600.0
288,2012,8,31,1.1563435859493358,"Denver County, Colorado",246300.0
289,2012,8,31,1.1563435859493358,"Denver County, Colorado",246300.0
290,2012,8,33,1.0555555555555556,"Dolores County, Colorado",123000.0
291,2012,8,33,1.0555555555555556,"Dolores County, Colorado",123000.0
292,2012,8,35,1.152667040988209,"Douglas County, Colorado",335300.0
293,2012,8,35,1.152667040988209,"Douglas County, Colorado",335300.0
294,2012,8,37,1.1202414113277623,"Eagle County, Colorado",491500.0
295,2012,8,37,1.1202414113277623,"Eagle County, Colorado",491500.0
296,2012,8,39,1.1767288693743139,"Elbert County, Colorado",334400.0
297,2012,8,39,1.1767288693743139,"Elbert County, Colorado",334400.0
298,2012,8,41,1.1592297966494574,"El Paso County, Colorado",217500.0
299,2012,8,41,1.1592297966494574,"El Paso County, Colorado",217500.0
300,2012,8,43,1.1143333333333334,"Fremont County, Colorado",161100.0
301,2012,8,43,1.1143333333333334,"Fremont County, Colorado",161100.0
302,2012,8,45,1.141635687732342,"Garfield County, Colorado",323100.0
303,2012,8,45,1.141635687732342,"Garfield County, Colorado",323100.0
304,2012,8,47,1.1116751269035532,"Gilpin County, Colorado",295800.0
305,2012,8,47,1.1116751269035532,"Gilpin County, Colorado",295800.0
306,2012,8,49,1.1323529411764706,"Grand County, Colorado",282200.0
307,2012,8,49,1.1323529411764706,"Grand County, Colorado",282200.0
308,2012,8,51,1.1017543859649124,"Gunnison County, Colorado",327400.0
309,2012,8,51,1.1017543859649124,"Gunnison County, Colorado",327400.0
310,2012,8,53,1.1,"Hinsdale County, Colorado",252700.0
311,2012,8,53,1.1,"Hinsdale County, Colorado",252700.0
312,2012,8,55,1.1594202898550725,"Huerfano County, Colorado",159100.0
313,2012,8,55,1.1594202898550725,"Huerfano County, Colorado",159100.0
314,2012,8,57,1.1666666666666667,"Jackson County, Colorado",121800.0
315,2012,8,57,1.1666666666666667,"Jackson County, Colorado",121800.0
316,2012,8,59,1.1438464672068076,"Jefferson County, Colorado",260800.0
317,2012,8,59,1.1438464672068076,"Jefferson County, Colorado",260800.0
318,2012,8,61,1.1458333333333333,"Kiowa County, Colorado",76100.0
319,2012,8,61,1.1458333333333333,"Kiowa County, Colorado",76100.0
320,2012,8,63,1.1605431309904153,"Kit Carson County, Colorado",118400.0
321,2012,8,63,1.1605431309904153,"Kit Carson County, Colorado",118400.0
322,2012,8,65,1.117132867132867,"Lake County, Colorado",163800.0
323,2012,8,65,1.117132867132867,"Lake County, Colorado",163800.0
324,2012,8,67,1.0546378653113089,"La Plata County, Colorado",336800.0
325,2012,8,67,1.0546378653113089,"La Plata County, Colorado",336800.0
326,2012,8,69,1.2120258084577114,"Larimer County, Colorado",245200.0
327,2012,8,69,1.2120258084577114,"Larimer County, Colorado",245200.0
328,2012,8,71,1.1148459383753502,"Las Animas County, Colorado",143200.0
329,2012,8,71,1.1148459383753502,"Las Animas County, Colorado",143200.0
330,2012,8,73,1.1787878787878787,"Lincoln County, Colorado",105700.0
331,2012,8,73,1.1787878787878787,"Lincoln County, Colorado",105700.0
332,2012,8,75,1.1786821705426356,"Logan County, Colorado",121200.0
333,2012,8,75,1.1786821705426356,"Logan County, Colorado",121200.0
334,2012,8,77,1.0800203873598369,"Mesa County, Colorado",216600.0
335,2012,8,77,1.0800203873598369,"Mesa County, Colorado",216600.0
336,2012,8,79,1.197674418604651,"Mineral County, Colorado",273600.0
337,2012,8,79,1.197674418604651,"Mineral County, Colorado",273600.0
338,2012,8,81,1.185275080906149,"Moffat County, Colorado",184800.0
339,2012,8,81,1.185275080906149,"Moffat County, Colorado",184800.0
340,2012,8,83,1.0357941834451903,"Montezuma County, Colorado",187900.0
341,2012,8,83,1.0357941834451903,"Montezuma County, Colorado",187900.0
342,2012,8,85,1.1070601851851851,"Montrose County, Colorado",200900.0
343,2012,8,85,1.1070601851851851,"Montrose County, Colorado",200900.0
344,2012,8,87,1.1757854821235103,"Morgan County, Colorado",138900.0
345,2012,8,87,1.1757854821235103,"Morgan County, Colorado",138900.0
346,2012,8,89,1.1286701208981003,"Otero County, Colorado",90900.0
347,2012,8,89,1.1286701208981003,"Otero County, Colorado",90900.0
348,2012,8,91,1.1041666666666667,"Ouray County, Colorado",400300.0
349,2012,8,91,1.1041666666666667,"Ouray County, Colorado",400300.0
350,2012,8,93,1.110878661087866,"Park County, Colorado",249600.0
351,2012,8,93,1.110878661087866,"Park County, Colorado",249600.0
352,2012,8,95,1.162027833001988,"Phillips County, Colorado",126900.0
353,2012,8,95,1.162027833001988,"Phillips County, Colorado",126900.0
354,2012,8,97,1.1289537712895377,"Pitkin County, Colorado",618900.0
355,2012,8,97,1.1289537712895377,"Pitkin County, Colorado",618900.0
356,2012,8,99,1.1403596403596403,"Prowers County, Colorado",83900.0
357,2012,8,99,1.1403596403596403,"Prowers County, Colorado",83900.0
358,2012,8,101,1.1667690889537563,"Pueblo County, Colorado",140500.0
359,2012,8,101,1.1667690889537563,"Pueblo County, Colorado",140500.0
360,2012,8,103,1.151567944250871,"Rio Blanco County, Colorado",212000.0
361,2012,8,103,1.151567944250871,"Rio Blanco County, Colorado",212000.0
362,2012,8,105,1.17359413202934,"Rio Grande County, Colorado",136500.0
363,2012,8,105,1.17359413202934,"Rio Grande County, Colorado",136500.0
364,2012,8,107,1.1740196078431373,"Routt County, Colorado",407700.0
365,2012,8,107,1.1740196078431373,"Routt County, Colorado",407700.0
366,2012,8,109,1.1549019607843136,"Saguache County, Colorado",131300.0
367,2012,8,109,1.1549019607843136,"Saguache County, Colorado",131300.0
368,2012,8,111,1.0681818181818181,"San Juan County, Colorado",244400.0
369,2012,8,111,1.0681818181818181,"San Juan County, Colorado",244400.0
370,2012,8,113,1.1022727272727273,"San Miguel County, Colorado",489800.0
371,2012,8,113,1.1022727272727273,"San Miguel County, Colorado",489800.0
372,2012,8,115,1.1758893280632412,"Sedgwick County, Colorado",83200.0
373,2012,8,115,1.1758893280632412,"Sedgwick County, Colorado",83200.0
374,2012,8,117,1.1144508670520232,"Summit County, Colorado",460500.0
375,2012,8,117,1.1144508670520232,"Summit County, Colorado",460500.0
376,2012,8,119,1.139402560455192,"Teller County, Colorado",230400.0
377,2012,8,119,1.139402560455192,"Teller County, Colorado",230400.0
378,2012,8,121,1.1775456919060052,"Washington County, Colorado",112900.0
379,2012,8,121,1.1775456919060052,"Washington County, Colorado",112900.0
380,2012,8,123,1.1808277913895695,"Weld County, Colorado",192100.0
381,2012,8,123,1.1808277913895695,"Weld County, Colorado",192100.0
382,2012,8,125,1.1531713900134952,"Yuma County, Colorado",123200.0
383,2012,8,125,1.1531713900134952,"Yuma County, Colorado",123200.0
384,2013,8,1,1.0718298997466122,"Adams County, Colorado",186600.0
385,2013,8,1,1.0718298997466122,"Adams County, Colorado",186600.0
386,2013,8,3,1.1958128078817734,"Alamosa County, Colorado",137300.0
387,2013,8,3,1.1958128078817734,"Alamosa County, Colorado",137300.0
388,2013,8,5,1.068568900685689,"Arapahoe County, Colorado",230700.0
389,2013,8,5,1.068568900685689,"Arapahoe County, Colorado",230700.0
390,2013,8,7,1.2181372549019607,"Archuleta County, Colorado",279700.0
391,2013,8,7,1.2181372549019607,"Archuleta County, Colorado",279700.0
392,2013,8,9,1.0880681818181819,"Baca County, Colorado",73500.0
393,2013,8,9,1.0880681818181819,"Baca County, Colorado",73500.0
394,2013,8,11,1.1232876712328768,"Bent County, Colorado",75500.0
395,2013,8,11,1.1232876712328768,"Bent County, Colorado",75500.0
396,2013,8,13,1.0711746522411127,"Boulder County, Colorado",350900.0
397,2013,8,13,1.0711746522411127,"Boulder County, Colorado",350900.0
398,2013,8,14,1.0736775818639799,"Broomfield County, Colorado",275900.0
399,2013,8,14,1.0736775818639799,"Broomfield County, Colorado",275900.0
400,2013,8,15,1.1430517711171662,"Chaffee County, Colorado",262300.0
401,2013,8,15,1.1430517711171662,"Chaffee County, Colorado",262300.0
402,2013,8,17,1.1258992805755397,"Cheyenne County, Colorado",81700.0
403,2013,8,17,1.1258992805755397,"Cheyenne County, Colorado",81700.0
404,2013,8,19,1.08,"Clear Creek County, Colorado",268500.0
405,2013,8,19,1.08,"Clear Creek County, Colorado",268500.0
406,2013,8,21,1.1342281879194631,"Conejos County, Colorado",109700.0
407,2013,8,21,1.1342281879194631,"Conejos County, Colorado",109700.0
408,2013,8,23,1.1055045871559632,"Costilla County, Colorado",93800.0
409,2013,8,23,1.1055045871559632,"Costilla County, Colorado",93800.0
410,2013,8,25,1.1705882352941177,"Crowley County, Colorado",78800.0
411,2013,8,25,1.1705882352941177,"Crowley County, Colorado",78800.0
412,2013,8,27,1.1590909090909092,"Custer County, Colorado",216200.0
413,2013,8,27,1.1590909090909092,"Custer County, Colorado",216200.0
414,2013,8,29,1.1337209302325582,"Delta County, Colorado",191200.0
415,2013,8,29,1.1337209302325582,"Delta County, Colorado",191200.0
416,2013,8,31,1.0617012036232782,"Denver County, Colorado",249100.0
417,2013,8,31,1.0617012036232782,"Denver County, Colorado",249100.0
418,2013,8,33,1.1481481481481481,"Dolores County, Colorado",121800.0
419,2013,8,33,1.1481481481481481,"Dolores County, Colorado",121800.0
420,2013,8,35,1.0781187324508623,"Douglas County, Colorado",335600.0
421,2013,8,35,1.0781187324508623,"Douglas County, Colorado",335600.0
422,2013,8,37,1.1187607573149743,"Eagle County, Colorado",453300.0
423,2013,8,37,1.1187607573149743,"Eagle County, Colorado",453300.0
424,2013,8,39,1.0928196147110332,"Elbert County, Colorado",333600.0
425,2013,8,39,1.0928196147110332,"Elbert County, Colorado",333600.0
426,2013,8,41,1.1617151994613701,"El Paso County, Colorado",213500.0
427,2013,8,41,1.1617151994613701,"El Paso County, Colorado",213500.0
428,2013,8,43,1.227408142999007,"Fremont County, Colorado",159500.0
429,2013,8,43,1.227408142999007,"Fremont County, Colorado",159500.0
430,2013,8,45,1.108910891089109,"Garfield County, Colorado",302700.0
431,2013,8,45,1.108910891089109,"Garfield County, Colorado",302700.0
432,2013,8,47,1.0897435897435896,"Gilpin County, Colorado",281700.0
433,2013,8,47,1.0897435897435896,"Gilpin County, Colorado",281700.0
434,2013,8,49,1.0991735537190082,"Grand County, Colorado",282000.0
435,2013,8,49,1.0991735537190082,"Grand County, Colorado",282000.0
436,2013,8,51,1.10167714884696,"Gunnison County, Colorado",329500.0
437,2013,8,51,1.10167714884696,"Gunnison County, Colorado",329500.0
438,2013,8,53,1.1136363636363635,"Hinsdale County, Colorado",261700.0
439,2013,8,53,1.1136363636363635,"Hinsdale County, Colorado",261700.0
440,2013,8,55,1.1529126213592233,"Huerfano County, Colorado",152400.0
441,2013,8,55,1.1529126213592233,"Huerfano County, Colorado",152400.0
442,2013,8,57,1.141304347826087,"Jackson County, Colorado",123200.0
443,2013,8,57,1.141304347826087,"Jackson County, Colorado",123200.0
444,2013,8,59,1.0716444020356235,"Jefferson County, Colorado",262400.0
445,2013,8,59,1.0716444020356235,"Jefferson County, Colorado",262400.0
446,2013,8,61,1.1157894736842104,"Kiowa County, Colorado",79400.0
447,2013,8,61,1.1157894736842104,"Kiowa County, Colorado",79400.0
448,2013,8,63,1.1481958762886597,"Kit Carson County, Colorado",121600.0
449,2013,8,63,1.1481958762886597,"Kit Carson County, Colorado",121600.0
450,2013,8,65,1.095808383233533,"Lake County, Colorado",164400.0
451,2013,8,65,1.095808383233533,"Lake County, Colorado",164400.0
452,2013,8,67,1.1645220588235294,"La Plata County, Colorado",339400.0
453,2013,8,67,1.1645220588235294,"La Plata County, Colorado",339400.0
454,2013,8,69,1.099298519095869,"Larimer County, Colorado",247100.0
455,2013,8,69,1.099298519095869,"Larimer County, Colorado",247100.0
456,2013,8,71,1.0773584905660378,"Las Animas County, Colorado",151500.0
457,2013,8,71,1.0773584905660378,"Las Animas County, Colorado",151500.0
458,2013,8,73,1.12987012987013,"Lincoln County, Colorado",115000.0
459,2013,8,73,1.12987012987013,"Lincoln County, Colorado",115000.0
460,2013,8,75,1.1124078624078624,"Logan County, Colorado",119800.0
461,2013,8,75,1.1124078624078624,"Logan County, Colorado",119800.0
462,2013,8,77,1.1664406779661016,"Mesa County, Colorado",210100.0
463,2013,8,77,1.1664406779661016,"Mesa County, Colorado",210100.0
464,2013,8,79,1.2833333333333334,"Mineral County, Colorado",275000.0
465,2013,8,79,1.2833333333333334,"Mineral County, Colorado",275000.0
466,2013,8,81,1.0821727019498608,"Moffat County, Colorado",176500.0
467,2013,8,81,1.0821727019498608,"Moffat County, Colorado",176500.0
468,2013,8,83,1.1375,"Montezuma County, Colorado",189400.0
469,2013,8,83,1.1375,"Montezuma County, Colorado",189400.0
470,2013,8,85,1.0890522875816993,"Montrose County, Colorado",193700.0
471,2013,8,85,1.0890522875816993,"Montrose County, Colorado",193700.0
472,2013,8,87,1.1116883116883116,"Morgan County, Colorado",137000.0
473,2013,8,87,1.1116883116883116,"Morgan County, Colorado",137000.0
474,2013,8,89,1.142601431980907,"Otero County, Colorado",91800.0
475,2013,8,89,1.142601431980907,"Otero County, Colorado",91800.0
476,2013,8,91,1.072289156626506,"Ouray County, Colorado",383900.0
477,2013,8,91,1.072289156626506,"Ouray County, Colorado",383900.0
478,2013,8,93,1.1123778501628665,"Park County, Colorado",247300.0
479,2013,8,93,1.1123778501628665,"Park County, Colorado",247300.0
480,2013,8,95,1.1353503184713376,"Phillips County, Colorado",132700.0
481,2013,8,95,1.1353503184713376,"Phillips County, Colorado",132700.0
482,2013,8,97,1.1164658634538152,"Pitkin County, Colorado",611200.0
483,2013,8,97,1.1164658634538152,"Pitkin County, Colorado",611200.0
484,2013,8,99,1.0911808669656202,"Prowers County, Colorado",86100.0
485,2013,8,99,1.0911808669656202,"Prowers County, Colorado",86100.0
486,2013,8,101,1.201716271996524,"Pueblo County, Colorado",138700.0
487,2013,8,101,1.201716271996524,"Pueblo County, Colorado",138700.0
488,2013,8,103,1.0833333333333333,"Rio Blanco County, Colorado",200400.0
489,2013,8,103,1.0833333333333333,"Rio Blanco County, Colorado",200400.0
490,2013,8,105,1.2551724137931035,"Rio Grande County, Colorado",129500.0
491,2013,8,105,1.2551724137931035,"Rio Grande County, Colorado",129500.0
492,2013,8,107,1.0827740492170022,"Routt County, Colorado",390100.0
493,2013,8,107,1.0827740492170022,"Routt County, Colorado",390100.0
494,2013,8,109,1.229050279329609,"Saguache County, Colorado",135400.0
495,2013,8,109,1.229050279329609,"Saguache County, Colorado",135400.0
496,2013,8,111,1.0789473684210527,"San Juan County, Colorado",242300.0
497,2013,8,111,1.0789473684210527,"San Juan County, Colorado",242300.0
498,2013,8,113,1.0643564356435644,"San Miguel County, Colorado",448000.0
499,2013,8,113,1.0643564356435644,"San Miguel County, Colorado",448000.0
500,2013,8,115,1.1196319018404908,"Sedgwick County, Colorado",81400.0
501,2013,8,115,1.1196319018404908,"Sedgwick County, Colorado",81400.0
502,2013,8,117,1.11010101010101,"Summit County, Colorado",460000.0
503,2013,8,117,1.11010101010101,"Summit County, Colorado",460000.0
504,2013,8,119,1.134065934065934,"Teller County, Colorado",226900.0
505,2013,8,119,1.134065934065934,"Teller County, Colorado",226900.0
506,2013,8,121,1.1108949416342413,"Washington County, Colorado",110500.0
507,2013,8,121,1.1108949416342413,"Washington County, Colorado",110500.0
508,2013,8,123,1.083805476864967,"Weld County, Colorado",191500.0
509,2013,8,123,1.083805476864967,"Weld County, Colorado",191500.0
510,2013,8,125,1.148590021691974,"Yuma County, Colorado",136600.0
511,2013,8,125,1.148590021691974,"Yuma County, Colorado",136600.0
512,2014,8,1,1.0664459683140222,"Adams County, Colorado",189400.0
513,2014,8,1,1.0664459683140222,"Adams County, Colorado",189400.0
514,2014,8,3,1.0604395604395604,"Alamosa County, Colorado",142100.0
515,2014,8,3,1.0604395604395604,"Alamosa County, Colorado",142100.0
516,2014,8,5,1.0803154675680027,"Arapahoe County, Colorado",235600.0
517,2014,8,5,1.0803154675680027,"Arapahoe County, Colorado",235600.0
518,2014,8,7,1.0232558139534884,"Archuleta County, Colorado",264300.0
519,2014,8,7,1.0232558139534884,"Archuleta County, Colorado",264300.0
520,2014,8,9,1.0263157894736843,"Baca County, Colorado",71500.0
521,2014,8,9,1.0263157894736843,"Baca County, Colorado",71500.0
522,2014,8,11,1.0,"Bent County, Colorado",69800.0
523,2014,8,11,1.0,"Bent County, Colorado",69800.0
524,2014,8,13,1.0586227367171268,"Boulder County, Colorado",358000.0
525,2014,8,13,1.0586227367171268,"Boulder County, Colorado",358000.0
526,2014,8,14,1.0588235294117647,"Broomfield County, Colorado",284100.0
527,2014,8,14,1.0588235294117647,"Broomfield County, Colorado",284100.0
528,2014,8,15,1.0,"Chaffee County, Colorado",265700.0
529,2014,8,15,1.0,"Chaffee County, Colorado",265700.0
530,2014,8,17,1.0416666666666667,"Cheyenne County, Colorado",84200.0
531,2014,8,17,1.0416666666666667,"Cheyenne County, Colorado",84200.0
532,2014,8,19,1.0555555555555556,"Clear Creek County, Colorado",273400.0
533,2014,8,19,1.0555555555555556,"Clear Creek County, Colorado",273400.0
534,2014,8,21,1.0694444444444444,"Conejos County, Colorado",111000.0
535,2014,8,21,1.0694444444444444,"Conejos County, Colorado",111000.0
536,2014,8,23,1.0,"Costilla County, Colorado",101200.0
537,2014,8,23,1.0,"Costilla County, Colorado",101200.0
538,2014,8,25,1.0,"Crowley County, Colorado",73700.0
539,2014,8,25,1.0,"Crowley County, Colorado",73700.0
540,2014,8,27,1.0,"Custer County, Colorado",215400.0
541,2014,8,27,1.0,"Custer County, Colorado",215400.0
542,2014,8,29,1.0,"Delta County, Colorado",190500.0
543,2014,8,29,1.0,"Delta County, Colorado",190500.0
544,2014,8,31,1.0661971830985915,"Denver County, Colorado",257500.0
545,2014,8,31,1.0661971830985915,"Denver County, Colorado",257500.0
546,2014,8,33,1.0,"Dolores County, Colorado",117400.0
547,2014,8,33,1.0,"Dolores County, Colorado",117400.0
548,2014,8,35,1.083062645011601,"Douglas County, Colorado",340300.0
549,2014,8,35,1.083062645011601,"Douglas County, Colorado",340300.0
550,2014,8,37,1.0,"Eagle County, Colorado",435600.0
551,2014,8,37,1.0,"Eagle County, Colorado",435600.0
552,2014,8,39,1.1,"Elbert County, Colorado",327300.0
553,2014,8,39,1.1,"Elbert County, Colorado",327300.0
554,2014,8,41,1.028653579218719,"El Paso County, Colorado",214300.0
555,2014,8,41,1.028653579218719,"El Paso County, Colorado",214300.0
556,2014,8,43,1.0,"Fremont County, Colorado",157400.0
557,2014,8,43,1.0,"Fremont County, Colorado",157400.0
558,2014,8,45,1.0,"Garfield County, Colorado",290600.0
559,2014,8,45,1.0,"Garfield County, Colorado",290600.0
560,2014,8,47,1.0480769230769231,"Gilpin County, Colorado",260000.0
561,2014,8,47,1.0480769230769231,"Gilpin County, Colorado",260000.0
562,2014,8,49,1.0333333333333334,"Grand County, Colorado",292700.0
563,2014,8,49,1.0333333333333334,"Grand County, Colorado",292700.0
564,2014,8,51,1.0,"Gunnison County, Colorado",325800.0
565,2014,8,51,1.0,"Gunnison County, Colorado",325800.0
566,2014,8,53,1.0,"Hinsdale County, Colorado",264800.0
567,2014,8,53,1.0,"Hinsdale County, Colorado",264800.0
568,2014,8,55,1.007936507936508,"Huerfano County, Colorado",154700.0
569,2014,8,55,1.007936507936508,"Huerfano County, Colorado",154700.0
570,2014,8,57,1.0434782608695652,"Jackson County, Colorado",124800.0
571,2014,8,57,1.0434782608695652,"Jackson County, Colorado",124800.0
572,2014,8,59,1.0671910848902,"Jefferson County, Colorado",267200.0
573,2014,8,59,1.0671910848902,"Jefferson County, Colorado",267200.0
574,2014,8,61,1.04,"Kiowa County, Colorado",76400.0
575,2014,8,61,1.04,"Kiowa County, Colorado",76400.0
576,2014,8,63,1.0560747663551402,"Kit Carson County, Colorado",121600.0
577,2014,8,63,1.0560747663551402,"Kit Carson County, Colorado",121600.0
578,2014,8,65,1.0,"Lake County, Colorado",168800.0
579,2014,8,65,1.0,"Lake County, Colorado",168800.0
580,2014,8,67,1.0,"La Plata County, Colorado",333100.0
581,2014,8,67,1.0,"La Plata County, Colorado",333100.0
582,2014,8,69,1.0520134228187918,"Larimer County, Colorado",251600.0
583,2014,8,69,1.0520134228187918,"Larimer County, Colorado",251600.0
584,2014,8,71,1.0,"Las Animas County, Colorado",151200.0
585,2014,8,71,1.0,"Las Animas County, Colorado",151200.0
586,2014,8,73,1.0794392523364487,"Lincoln County, Colorado",124300.0
587,2014,8,73,1.0794392523364487,"Lincoln County, Colorado",124300.0
588,2014,8,75,1.0963855421686748,"Logan County, Colorado",122300.0
589,2014,8,75,1.0963855421686748,"Logan County, Colorado",122300.0
590,2014,8,77,1.0,"Mesa County, Colorado",203200.0
591,2014,8,77,1.0,"Mesa County, Colorado",203200.0
592,2014,8,79,1.0,"Mineral County, Colorado",280200.0
593,2014,8,79,1.0,"Mineral County, Colorado",280200.0
594,2014,8,81,1.0559701492537314,"Moffat County, Colorado",177700.0
595,2014,8,81,1.0559701492537314,"Moffat County, Colorado",177700.0
596,2014,8,83,1.0,"Montezuma County, Colorado",184300.0
597,2014,8,83,1.0,"Montezuma County, Colorado",184300.0
598,2014,8,85,1.0,"Montrose County, Colorado",194600.0
599,2014,8,85,1.0,"Montrose County, Colorado",194600.0
600,2014,8,87,1.0886524822695036,"Morgan County, Colorado",135000.0
601,2014,8,87,1.0886524822695036,"Morgan County, Colorado",135000.0
602,2014,8,89,1.0125348189415042,"Otero County, Colorado",93200.0
603,2014,8,89,1.0125348189415042,"Otero County, Colorado",93200.0
604,2014,8,91,1.0,"Ouray County, Colorado",389600.0
605,2014,8,91,1.0,"Ouray County, Colorado",389600.0
606,2014,8,93,1.048780487804878,"Park County, Colorado",244300.0
607,2014,8,93,1.048780487804878,"Park County, Colorado",244300.0
608,2014,8,95,1.1022727272727273,"Phillips County, Colorado",132900.0
609,2014,8,95,1.1022727272727273,"Phillips County, Colorado",132900.0
610,2014,8,97,1.0,"Pitkin County, Colorado",570700.0
611,2014,8,97,1.0,"Pitkin County, Colorado",570700.0
612,2014,8,99,1.0017064846416381,"Prowers County, Colorado",86200.0
613,2014,8,99,1.0017064846416381,"Prowers County, Colorado",86200.0
614,2014,8,101,1.000638569604087,"Pueblo County, Colorado",137600.0
615,2014,8,101,1.000638569604087,"Pueblo County, Colorado",137600.0
616,2014,8,103,1.0416666666666667,"Rio Blanco County, Colorado",199800.0
617,2014,8,103,1.0416666666666667,"Rio Blanco County, Colorado",199800.0
618,2014,8,105,1.0,"Rio Grande County, Colorado",126300.0
619,2014,8,105,1.0,"Rio Grande County, Colorado",126300.0
620,2014,8,107,1.0166666666666666,"Routt County, Colorado",378100.0
621,2014,8,107,1.0166666666666666,"Routt County, Colorado",378100.0
622,2014,8,109,1.0,"Saguache County, Colorado",142200.0
623,2014,8,109,1.0,"Saguache County, Colorado",142200.0
624,2014,8,111,1.0,"San Juan County, Colorado",230300.0
625,2014,8,111,1.0,"San Juan County, Colorado",230300.0
626,2014,8,113,1.0,"San Miguel County, Colorado",511800.0
627,2014,8,113,1.0,"San Miguel County, Colorado",511800.0
628,2014,8,115,1.098901098901099,"Sedgwick County, Colorado",84500.0
629,2014,8,115,1.098901098901099,"Sedgwick County, Colorado",84500.0
630,2014,8,117,1.0,"Summit County, Colorado",461100.0
631,2014,8,117,1.0,"Summit County, Colorado",461100.0
632,2014,8,119,1.0251572327044025,"Teller County, Colorado",232300.0
633,2014,8,119,1.0251572327044025,"Teller County, Colorado",232300.0
634,2014,8,121,1.1050420168067228,"Washington County, Colorado",111500.0
635,2014,8,121,1.1050420168067228,"Washington County, Colorado",111500.0
636,2014,8,123,1.0708285052143685,"Weld County, Colorado",196100.0
637,2014,8,123,1.0708285052143685,"Weld County, Colorado",196100.0
638,2014,8,125,1.076271186440678,"Yuma County, Colorado",137200.0
639,2014,8,125,1.076271186440678,"Yuma County, Colorado",137200.0
640,2015,8,1,1.1850066175080356,"Adams County, Colorado",198800.0
641,2015,8,1,1.1850066175080356,"Adams County, Colorado",198800.0
642,2015,8,3,1.115979381443299,"Alamosa County, Colorado",144300.0
643,2015,8,3,1.115979381443299,"Alamosa County, Colorado",144300.0
644,2015,8,5,1.2137964104671872,"Arapahoe County, Colorado",247600.0
645,2015,8,5,1.2137964104671872,"Arapahoe County, Colorado",247600.0
646,2015,8,7,1.0826446280991735,"Archuleta County, Colorado",264200.0
647,2015,8,7,1.0826446280991735,"Archuleta County, Colorado",264200.0
648,2015,8,9,1.131578947368421,"Baca County, Colorado",73200.0
649,2015,8,9,1.131578947368421,"Baca County, Colorado",73200.0
650,2015,8,11,1.1373626373626373,"Bent County, Colorado",65700.0
651,2015,8,11,1.1373626373626373,"Bent County, Colorado",65700.0
652,2015,8,13,1.1490224129709108,"Boulder County, Colorado",368800.0
653,2015,8,13,1.1490224129709108,"Boulder County, Colorado",368800.0
654,2015,8,14,1.1645962732919255,"Broomfield County, Colorado",295500.0
655,2015,8,14,1.1645962732919255,"Broomfield County, Colorado",295500.0
656,2015,8,15,1.0456989247311828,"Chaffee County, Colorado",274200.0
657,2015,8,15,1.0456989247311828,"Chaffee County, Colorado",274200.0
658,2015,8,17,1.2258064516129032,"Cheyenne County, Colorado",82300.0
659,2015,8,17,1.2258064516129032,"Cheyenne County, Colorado",82300.0
660,2015,8,19,1.0957446808510638,"Clear Creek County, Colorado",283900.0
661,2015,8,19,1.0957446808510638,"Clear Creek County, Colorado",283900.0
662,2015,8,21,1.1267605633802817,"Conejos County, Colorado",107100.0
663,2015,8,21,1.1267605633802817,"Conejos County, Colorado",107100.0
664,2015,8,23,1.119047619047619,"Costilla County, Colorado",102300.0
665,2015,8,23,1.119047619047619,"Costilla County, Colorado",102300.0
666,2015,8,25,1.1538461538461537,"Crowley County, Colorado",76100.0
667,2015,8,25,1.1538461538461537,"Crowley County, Colorado",76100.0
668,2015,8,27,1.0869565217391304,"Custer County, Colorado",220400.0
669,2015,8,27,1.0869565217391304,"Custer County, Colorado",220400.0
670,2015,8,29,1.1021505376344085,"Delta County, Colorado",193000.0
671,2015,8,29,1.1021505376344085,"Delta County, Colorado",193000.0
672,2015,8,31,1.195543428831287,"Denver County, Colorado",271300.0
673,2015,8,31,1.195543428831287,"Denver County, Colorado",271300.0
674,2015,8,33,1.0625,"Dolores County, Colorado",119100.0
675,2015,8,33,1.0625,"Dolores County, Colorado",119100.0
676,2015,8,35,1.2162471395881007,"Douglas County, Colorado",354700.0
677,2015,8,35,1.2162471395881007,"Douglas County, Colorado",354700.0
678,2015,8,37,1.0386313465783665,"Eagle County, Colorado",419400.0
679,2015,8,37,1.0386313465783665,"Eagle County, Colorado",419400.0
680,2015,8,39,1.2374517374517375,"Elbert County, Colorado",337400.0
681,2015,8,39,1.2374517374517375,"Elbert County, Colorado",337400.0
682,2015,8,41,1.2104440275171982,"El Paso County, Colorado",218300.0
683,2015,8,41,1.2104440275171982,"El Paso County, Colorado",218300.0
684,2015,8,43,1.0911161731207288,"Fremont County, Colorado",158500.0
685,2015,8,43,1.0911161731207288,"Fremont County, Colorado",158500.0
686,2015,8,45,1.0741869918699187,"Garfield County, Colorado",287500.0
687,2015,8,45,1.0741869918699187,"Garfield County, Colorado",287500.0
688,2015,8,47,1.0942028985507246,"Gilpin County, Colorado",252800.0
689,2015,8,47,1.0942028985507246,"Gilpin County, Colorado",252800.0
690,2015,8,49,1.0773809523809523,"Grand County, Colorado",282000.0
691,2015,8,49,1.0773809523809523,"Grand County, Colorado",282000.0
692,2015,8,51,1.1134615384615385,"Gunnison County, Colorado",319200.0
693,2015,8,51,1.1134615384615385,"Gunnison County, Colorado",319200.0
694,2015,8,53,1.0833333333333333,"Hinsdale County, Colorado",276000.0
695,2015,8,53,1.0833333333333333,"Hinsdale County, Colorado",276000.0
696,2015,8,55,1.0843373493975903,"Huerfano County, Colorado",147600.0
697,2015,8,55,1.0843373493975903,"Huerfano County, Colorado",147600.0
698,2015,8,57,1.075,"Jackson County, Colorado",158000.0
699,2015,8,57,1.075,"Jackson County, Colorado",158000.0
700,2015,8,59,1.1618116775265108,"Jefferson County, Colorado",279500.0
701,2015,8,59,1.1618116775265108,"Jefferson County, Colorado",279500.0
702,2015,8,61,1.1794871794871795,"Kiowa County, Colorado",83600.0
703,2015,8,61,1.1794871794871795,"Kiowa County, Colorado",83600.0
704,2015,8,63,1.236842105263158,"Kit Carson County, Colorado",122300.0
705,2015,8,63,1.236842105263158,"Kit Carson County, Colorado",122300.0
706,2015,8,65,1.0672268907563025,"Lake County, Colorado",168500.0
707,2015,8,65,1.0672268907563025,"Lake County, Colorado",168500.0
708,2015,8,67,1.0763598326359833,"La Plata County, Colorado",332700.0
709,2015,8,67,1.0763598326359833,"La Plata County, Colorado",332700.0
710,2015,8,69,1.1558704453441295,"Larimer County, Colorado",263400.0
711,2015,8,69,1.1558704453441295,"Larimer County, Colorado",263400.0
712,2015,8,71,1.0947368421052632,"Las Animas County, Colorado",150600.0
713,2015,8,71,1.0947368421052632,"Las Animas County, Colorado",150600.0
714,2015,8,73,1.2472527472527473,"Lincoln County, Colorado",118300.0
715,2015,8,73,1.2472527472527473,"Lincoln County, Colorado",118300.0
716,2015,8,75,1.166281755196305,"Logan County, Colorado",124700.0
717,2015,8,75,1.166281755196305,"Logan County, Colorado",124700.0
718,2015,8,77,1.074812030075188,"Mesa County, Colorado",199000.0
719,2015,8,77,1.074812030075188,"Mesa County, Colorado",199000.0
720,2015,8,79,1.0909090909090908,"Mineral County, Colorado",277100.0
721,2015,8,79,1.0909090909090908,"Mineral County, Colorado",277100.0
722,2015,8,81,1.1063829787234043,"Moffat County, Colorado",175800.0
723,2015,8,81,1.1063829787234043,"Moffat County, Colorado",175800.0
724,2015,8,83,1.0618279569892473,"Montezuma County, Colorado",180400.0
725,2015,8,83,1.0618279569892473,"Montezuma County, Colorado",180400.0
726,2015,8,85,1.1035940803382664,"Montrose County, Colorado",190900.0
727,2015,8,85,1.1035940803382664,"Montrose County, Colorado",190900.0
728,2015,8,87,1.1938775510204083,"Morgan County, Colorado",145500.0
729,2015,8,87,1.1938775510204083,"Morgan County, Colorado",145500.0
730,2015,8,89,1.1420454545454546,"Otero County, Colorado",91900.0
731,2015,8,89,1.1420454545454546,"Otero County, Colorado",91900.0
732,2015,8,91,1.0851063829787233,"Ouray County, Colorado",388600.0
733,2015,8,91,1.0851063829787233,"Ouray County, Colorado",388600.0
734,2015,8,93,1.0698324022346368,"Park County, Colorado",244800.0
735,2015,8,93,1.0698324022346368,"Park County, Colorado",244800.0
736,2015,8,95,1.168639053254438,"Phillips County, Colorado",132500.0
737,2015,8,95,1.168639053254438,"Phillips County, Colorado",132500.0
738,2015,8,97,1.0751445086705202,"Pitkin County, Colorado",620700.0
739,2015,8,97,1.0751445086705202,"Pitkin County, Colorado",620700.0
740,2015,8,99,1.1505190311418685,"Prowers County, Colorado",87400.0
741,2015,8,99,1.1505190311418685,"Prowers County, Colorado",87400.0
742,2015,8,101,1.127487896718666,"Pueblo County, Colorado",138600.0
743,2015,8,101,1.127487896718666,"Pueblo County, Colorado",138600.0
744,2015,8,103,1.09375,"Rio Blanco County, Colorado",204800.0
745,2015,8,103,1.09375,"Rio Blanco County, Colorado",204800.0
746,2015,8,105,1.1092436974789917,"Rio Grande County, Colorado",133700.0
747,2015,8,105,1.1092436974789917,"Rio Grande County, Colorado",133700.0
748,2015,8,107,1.0424657534246575,"Routt County, Colorado",394600.0
749,2015,8,107,1.0424657534246575,"Routt County, Colorado",394600.0
750,2015,8,109,1.077922077922078,"Saguache County, Colorado",146700.0
751,2015,8,109,1.077922077922078,"Saguache County, Colorado",146700.0
752,2015,8,111,1.0769230769230769,"San Juan County, Colorado",223200.0
753,2015,8,111,1.0769230769230769,"San Juan County, Colorado",223200.0
754,2015,8,113,1.0855263157894737,"San Miguel County, Colorado",512800.0
755,2015,8,113,1.0855263157894737,"San Miguel County, Colorado",512800.0
756,2015,8,115,1.1630434782608696,"Sedgwick County, Colorado",86800.0
757,2015,8,115,1.1630434782608696,"Sedgwick County, Colorado",86800.0
758,2015,8,117,1.0701754385964912,"Summit County, Colorado",478800.0
759,2015,8,117,1.0701754385964912,"Summit County, Colorado",478800.0
760,2015,8,119,1.1239669421487604,"Teller County, Colorado",239000.0
761,2015,8,119,1.1239669421487604,"Teller County, Colorado",239000.0
762,2015,8,121,1.1829268292682926,"Washington County, Colorado",113200.0
763,2015,8,121,1.1829268292682926,"Washington County, Colorado",113200.0
764,2015,8,123,1.2131750070681369,"Weld County, Colorado",210100.0
765,2015,8,123,1.2131750070681369,"Weld County, Colorado",210100.0
766,2015,8,125,1.1928251121076232,"Yuma County, Colorado",136400.0
767,2015,8,125,1.1928251121076232,"Yuma County, Colorado",136400.0
768,2016,8,1,1.0784313725490196,"Adams County, Colorado",216700.0
769,2016,8,1,1.0784313725490196,"Adams County, Colorado",216700.0
770,2016,8,3,1.0298165137614679,"Alamosa County, Colorado",141600.0
771,2016,8,3,1.0298165137614679,"Alamosa County, Colorado",141600.0
772,2016,8,5,1.109353708390111,"Arapahoe County, Colorado",266600.0
773,2016,8,5,1.109353708390111,"Arapahoe County, Colorado",266600.0
774,2016,8,7,1.044378698224852,"Archuleta County, Colorado",268400.0
775,2016,8,7,1.044378698224852,"Archuleta County, Colorado",268400.0
776,2016,8,9,1.0769230769230769,"Baca County, Colorado",69900.0
777,2016,8,9,1.0769230769230769,"Baca County, Colorado",69900.0
778,2016,8,11,1.0677419354838709,"Bent County, Colorado",76800.0
779,2016,8,11,1.0677419354838709,"Bent County, Colorado",76800.0
780,2016,8,13,1.0765150152850207,"Boulder County, Colorado",391000.0
781,2016,8,13,1.0765150152850207,"Boulder County, Colorado",391000.0
782,2016,8,14,1.076095947063689,"Broomfield County, Colorado",328200.0
783,2016,8,14,1.076095947063689,"Broomfield County, Colorado",328200.0
784,2016,8,15,1.0903225806451613,"Chaffee County, Colorado",289900.0
785,2016,8,15,1.0903225806451613,"Chaffee County, Colorado",289900.0
786,2016,8,17,1.0677083333333333,"Cheyenne County, Colorado",89200.0
787,2016,8,17,1.0677083333333333,"Cheyenne County, Colorado",89200.0
788,2016,8,19,1.1401869158878504,"Clear Creek County, Colorado",297000.0
789,2016,8,19,1.1401869158878504,"Clear Creek County, Colorado",297000.0
790,2016,8,21,1.0,"Conejos County, Colorado",113800.0
791,2016,8,21,1.0,"Conejos County, Colorado",113800.0
792,2016,8,23,1.03125,"Costilla County, Colorado",110800.0
793,2016,8,23,1.03125,"Costilla County, Colorado",110800.0
794,2016,8,25,1.1547619047619047,"Crowley County, Colorado",74200.0
795,2016,8,25,1.1547619047619047,"Crowley County, Colorado",74200.0
796,2016,8,27,1.0303030303030303,"Custer County, Colorado",230700.0
797,2016,8,27,1.0303030303030303,"Custer County, Colorado",230700.0
798,2016,8,29,1.1475095785440612,"Delta County, Colorado",196200.0
799,2016,8,29,1.1475095785440612,"Delta County, Colorado",196200.0
800,2016,8,31,1.1082187010273377,"Denver County, Colorado",292700.0
801,2016,8,31,1.1082187010273377,"Denver County, Colorado",292700.0
802,2016,8,33,1.1,"Dolores County, Colorado",115900.0
803,2016,8,33,1.1,"Dolores County, Colorado",115900.0
804,2016,8,35,1.1139389193422082,"Douglas County, Colorado",376300.0
805,2016,8,35,1.1139389193422082,"Douglas County, Colorado",376300.0
806,2016,8,37,1.1047008547008548,"Eagle County, Colorado",438500.0
807,2016,8,37,1.1047008547008548,"Eagle County, Colorado",438500.0
808,2016,8,39,1.0997624703087887,"Elbert County, Colorado",353700.0
809,2016,8,39,1.0997624703087887,"Elbert County, Colorado",353700.0
810,2016,8,41,1.1045112781954887,"El Paso County, Colorado",227000.0
811,2016,8,41,1.1045112781954887,"El Paso County, Colorado",227000.0
812,2016,8,43,1.1771752837326608,"Fremont County, Colorado",159000.0
813,2016,8,43,1.1771752837326608,"Fremont County, Colorado",159000.0
814,2016,8,45,1.0892420537897312,"Garfield County, Colorado",299700.0
815,2016,8,45,1.0892420537897312,"Garfield County, Colorado",299700.0
816,2016,8,47,1.0986842105263157,"Gilpin County, Colorado",255000.0
817,2016,8,47,1.0986842105263157,"Gilpin County, Colorado",255000.0
818,2016,8,49,1.0773809523809523,"Grand County, Colorado",297500.0
819,2016,8,49,1.0773809523809523,"Grand County, Colorado",297500.0
820,2016,8,51,1.0317460317460319,"Gunnison County, Colorado",311700.0
821,2016,8,51,1.0317460317460319,"Gunnison County, Colorado",311700.0
822,2016,8,53,1.0,"Hinsdale County, Colorado",275400.0
823,2016,8,53,1.0,"Hinsdale County, Colorado",275400.0
824,2016,8,55,1.038888888888889,"Huerfano County, Colorado",153400.0
825,2016,8,55,1.038888888888889,"Huerfano County, Colorado",153400.0
826,2016,8,57,1.1964285714285714,"Jackson County, Colorado",170300.0
827,2016,8,57,1.1964285714285714,"Jackson County, Colorado",170300.0
828,2016,8,59,1.102373417721519,"Jefferson County, Colorado",299100.0
829,2016,8,59,1.102373417721519,"Jefferson County, Colorado",299100.0
830,2016,8,61,1.0833333333333333,"Kiowa County, Colorado",82700.0
831,2016,8,61,1.0833333333333333,"Kiowa County, Colorado",82700.0
832,2016,8,63,1.0670731707317074,"Kit Carson County, Colorado",123400.0
833,2016,8,63,1.0670731707317074,"Kit Carson County, Colorado",123400.0
834,2016,8,65,1.0769230769230769,"Lake County, Colorado",184200.0
835,2016,8,65,1.0769230769230769,"Lake County, Colorado",184200.0
836,2016,8,67,1.0,"La Plata County, Colorado",340500.0
837,2016,8,67,1.0,"La Plata County, Colorado",340500.0
838,2016,8,69,1.0808361744123451,"Larimer County, Colorado",282500.0
839,2016,8,69,1.0808361744123451,"Larimer County, Colorado",282500.0
840,2016,8,71,1.1288659793814433,"Las Animas County, Colorado",145800.0
841,2016,8,71,1.1288659793814433,"Las Animas County, Colorado",145800.0
842,2016,8,73,1.076158940397351,"Lincoln County, Colorado",126400.0
843,2016,8,73,1.076158940397351,"Lincoln County, Colorado",126400.0
844,2016,8,75,1.0608856088560885,"Logan County, Colorado",137300.0
845,2016,8,75,1.0608856088560885,"Logan County, Colorado",137300.0
846,2016,8,77,1.1090589270008795,"Mesa County, Colorado",201500.0
847,2016,8,77,1.1090589270008795,"Mesa County, Colorado",201500.0
848,2016,8,79,1.0,"Mineral County, Colorado",277500.0
849,2016,8,79,1.0,"Mineral County, Colorado",277500.0
850,2016,8,81,1.148,"Moffat County, Colorado",170000.0
851,2016,8,81,1.148,"Moffat County, Colorado",170000.0
852,2016,8,83,1.0155038759689923,"Montezuma County, Colorado",187700.0
853,2016,8,83,1.0155038759689923,"Montezuma County, Colorado",187700.0
854,2016,8,85,1.1227621483375958,"Montrose County, Colorado",193300.0
855,2016,8,85,1.1227621483375958,"Montrose County, Colorado",193300.0
856,2016,8,87,1.0342205323193916,"Morgan County, Colorado",152800.0
857,2016,8,87,1.0342205323193916,"Morgan County, Colorado",152800.0
858,2016,8,89,1.101522842639594,"Otero County, Colorado",92300.0
859,2016,8,89,1.101522842639594,"Otero County, Colorado",92300.0
860,2016,8,91,1.064102564102564,"Ouray County, Colorado",399400.0
861,2016,8,91,1.064102564102564,"Ouray County, Colorado",399400.0
862,2016,8,93,1.11139896373057,"Park County, Colorado",251700.0
863,2016,8,93,1.11139896373057,"Park County, Colorado",251700.0
864,2016,8,95,1.0943396226415094,"Phillips County, Colorado",138500.0
865,2016,8,95,1.0943396226415094,"Phillips County, Colorado",138500.0
866,2016,8,97,1.0902777777777777,"Pitkin County, Colorado",552900.0
867,2016,8,97,1.0902777777777777,"Pitkin County, Colorado",552900.0
868,2016,8,99,1.040045766590389,"Prowers County, Colorado",88100.0
869,2016,8,99,1.040045766590389,"Prowers County, Colorado",88100.0
870,2016,8,101,1.1932531380753137,"Pueblo County, Colorado",142700.0
871,2016,8,101,1.1932531380753137,"Pueblo County, Colorado",142700.0
872,2016,8,103,1.064516129032258,"Rio Blanco County, Colorado",208400.0
873,2016,8,103,1.064516129032258,"Rio Blanco County, Colorado",208400.0
874,2016,8,105,1.0338345864661653,"Rio Grande County, Colorado",136400.0
875,2016,8,105,1.0338345864661653,"Rio Grande County, Colorado",136400.0
876,2016,8,107,1.122282608695652,"Routt County, Colorado",424300.0
877,2016,8,107,1.122282608695652,"Routt County, Colorado",424300.0
878,2016,8,109,1.0483870967741935,"Saguache County, Colorado",146600.0
879,2016,8,109,1.0483870967741935,"Saguache County, Colorado",146600.0
880,2016,8,111,1.0,"San Juan County, Colorado",224100.0
881,2016,8,111,1.0,"San Juan County, Colorado",224100.0
882,2016,8,113,1.0350877192982457,"San Miguel County, Colorado",505600.0
883,2016,8,113,1.0350877192982457,"San Miguel County, Colorado",505600.0
884,2016,8,115,1.0849056603773586,"Sedgwick County, Colorado",94700.0
885,2016,8,115,1.0849056603773586,"Sedgwick County, Colorado",94700.0
886,2016,8,117,1.1159638554216869,"Summit County, Colorado",496100.0
887,2016,8,117,1.1159638554216869,"Summit County, Colorado",496100.0
888,2016,8,119,1.107394366197183,"Teller County, Colorado",244300.0
889,2016,8,119,1.107394366197183,"Teller County, Colorado",244300.0
890,2016,8,121,1.0542168674698795,"Washington County, Colorado",118000.0
891,2016,8,121,1.0542168674698795,"Washington County, Colorado",118000.0
892,2016,8,123,1.0665747488674413,"Weld County, Colorado",227100.0
893,2016,8,123,1.0665747488674413,"Weld County, Colorado",227100.0
894,2016,8,125,1.0810344827586207,"Yuma County, Colorado",134900.0
895,2016,8,125,1.0810344827586207,"Yuma County, Colorado",134900.0
896,2017,8,1,1.186075684716705,"Adams County, Colorado",241900.0
897,2017,8,1,1.186075684716705,"Adams County, Colorado",241900.0
898,2017,8,3,1.1220238095238095,"Alamosa County, Colorado",152900.0
899,2017,8,3,1.1220238095238095,"Alamosa County, Colorado",152900.0
900,2017,8,5,1.184863957473596,"Arapahoe County, Colorado",292900.0
901,2017,8,5,1.184863957473596,"Arapahoe County, Colorado",292900.0
902,2017,8,7,1.1603773584905661,"Archuleta County, Colorado",274000.0
903,2017,8,7,1.1603773584905661,"Archuleta County, Colorado",274000.0
904,2017,8,9,1.18,"Baca County, Colorado",79800.0
905,2017,8,9,1.18,"Baca County, Colorado",79800.0
906,2017,8,11,1.1624365482233503,"Bent County, Colorado",77700.0
907,2017,8,11,1.1624365482233503,"Bent County, Colorado",77700.0
908,2017,8,13,1.1849462365591399,"Boulder County, Colorado",423500.0
909,2017,8,13,1.1849462365591399,"Boulder County, Colorado",423500.0
910,2017,8,14,1.1832107843137254,"Broomfield County, Colorado",356500.0
911,2017,8,14,1.1832107843137254,"Broomfield County, Colorado",356500.0
912,2017,8,15,1.1473684210526316,"Chaffee County, Colorado",313200.0
913,2017,8,15,1.1473684210526316,"Chaffee County, Colorado",313200.0
914,2017,8,17,1.2016129032258065,"Cheyenne County, Colorado",90000.0
915,2017,8,17,1.2016129032258065,"Cheyenne County, Colorado",90000.0
916,2017,8,19,1.1370967741935485,"Clear Creek County, Colorado",317000.0
917,2017,8,19,1.1370967741935485,"Clear Creek County, Colorado",317000.0
918,2017,8,21,1.1692307692307693,"Conejos County, Colorado",113100.0
919,2017,8,21,1.1692307692307693,"Conejos County, Colorado",113100.0
920,2017,8,23,1.1927083333333333,"Costilla County, Colorado",114200.0
921,2017,8,23,1.1927083333333333,"Costilla County, Colorado",114200.0
922,2017,8,25,1.1643835616438356,"Crowley County, Colorado",79700.0
923,2017,8,25,1.1643835616438356,"Crowley County, Colorado",79700.0
924,2017,8,27,1.145,"Custer County, Colorado",248300.0
925,2017,8,27,1.145,"Custer County, Colorado",248300.0
926,2017,8,29,1.1047535211267605,"Delta County, Colorado",206200.0
927,2017,8,29,1.1047535211267605,"Delta County, Colorado",206200.0
928,2017,8,31,1.185574688673062,"Denver County, Colorado",322900.0
929,2017,8,31,1.185574688673062,"Denver County, Colorado",322900.0
930,2017,8,33,1.1041666666666667,"Dolores County, Colorado",122000.0
931,2017,8,33,1.1041666666666667,"Dolores County, Colorado",122000.0
932,2017,8,35,1.1918929327941459,"Douglas County, Colorado",407100.0
933,2017,8,35,1.1918929327941459,"Douglas County, Colorado",407100.0
934,2017,8,37,1.1399506781750925,"Eagle County, Colorado",471100.0
935,2017,8,37,1.1399506781750925,"Eagle County, Colorado",471100.0
936,2017,8,39,1.1821631878557874,"Elbert County, Colorado",380000.0
937,2017,8,39,1.1821631878557874,"Elbert County, Colorado",380000.0
938,2017,8,41,1.1750764525993884,"El Paso County, Colorado",238200.0
939,2017,8,41,1.1750764525993884,"El Paso County, Colorado",238200.0
940,2017,8,43,1.1422722620266121,"Fremont County, Colorado",160000.0
941,2017,8,43,1.1422722620266121,"Fremont County, Colorado",160000.0
942,2017,8,45,1.1397306397306397,"Garfield County, Colorado",323800.0
943,2017,8,45,1.1397306397306397,"Garfield County, Colorado",323800.0
944,2017,8,47,1.1614173228346456,"Gilpin County, Colorado",301700.0
945,2017,8,47,1.1614173228346456,"Gilpin County, Colorado",301700.0
946,2017,8,49,1.125,"Grand County, Colorado",285000.0
947,2017,8,49,1.125,"Grand County, Colorado",285000.0
948,2017,8,51,1.1600467289719627,"Gunnison County, Colorado",313900.0
949,2017,8,51,1.1600467289719627,"Gunnison County, Colorado",313900.0
950,2017,8,53,1.125,"Hinsdale County, Colorado",325400.0
951,2017,8,53,1.125,"Hinsdale County, Colorado",325400.0
952,2017,8,55,1.1350710900473933,"Huerfano County, Colorado",137400.0
953,2017,8,55,1.1350710900473933,"Huerfano County, Colorado",137400.0
954,2017,8,57,1.1428571428571428,"Jackson County, Colorado",171300.0
955,2017,8,57,1.1428571428571428,"Jackson County, Colorado",171300.0
956,2017,8,59,1.1896880035154533,"Jefferson County, Colorado",334100.0
957,2017,8,59,1.1896880035154533,"Jefferson County, Colorado",334100.0
958,2017,8,61,1.1829268292682926,"Kiowa County, Colorado",83200.0
959,2017,8,61,1.1829268292682926,"Kiowa County, Colorado",83200.0
960,2017,8,63,1.1642228739002933,"Kit Carson County, Colorado",130200.0
961,2017,8,63,1.1642228739002933,"Kit Carson County, Colorado",130200.0
962,2017,8,65,1.1129807692307692,"Lake County, Colorado",197600.0
963,2017,8,65,1.1129807692307692,"Lake County, Colorado",197600.0
964,2017,8,67,1.1678470254957507,"La Plata County, Colorado",356700.0
965,2017,8,67,1.1678470254957507,"La Plata County, Colorado",356700.0
966,2017,8,69,1.181261644929465,"Larimer County, Colorado",306600.0
967,2017,8,69,1.181261644929465,"Larimer County, Colorado",306600.0
968,2017,8,71,1.166346153846154,"Las Animas County, Colorado",145900.0
969,2017,8,71,1.166346153846154,"Las Animas County, Colorado",145900.0
970,2017,8,73,1.165,"Lincoln County, Colorado",132100.0
971,2017,8,73,1.165,"Lincoln County, Colorado",132100.0
972,2017,8,75,1.1627423822714682,"Logan County, Colorado",148700.0
973,2017,8,75,1.1627423822714682,"Logan County, Colorado",148700.0
974,2017,8,77,1.078635717669351,"Mesa County, Colorado",207900.0
975,2017,8,77,1.078635717669351,"Mesa County, Colorado",207900.0
976,2017,8,79,1.119047619047619,"Mineral County, Colorado",279000.0
977,2017,8,79,1.119047619047619,"Mineral County, Colorado",279000.0
978,2017,8,81,1.1990476190476191,"Moffat County, Colorado",169200.0
979,2017,8,81,1.1990476190476191,"Moffat County, Colorado",169200.0
980,2017,8,83,1.1043307086614174,"Montezuma County, Colorado",197900.0
981,2017,8,83,1.1043307086614174,"Montezuma County, Colorado",197900.0
982,2017,8,85,1.0675675675675675,"Montrose County, Colorado",202500.0
983,2017,8,85,1.0675675675675675,"Montrose County, Colorado",202500.0
984,2017,8,87,1.1625,"Morgan County, Colorado",162900.0
985,2017,8,87,1.1625,"Morgan County, Colorado",162900.0
986,2017,8,89,1.1657458563535912,"Otero County, Colorado",91800.0
987,2017,8,89,1.1657458563535912,"Otero County, Colorado",91800.0
988,2017,8,91,1.0777777777777777,"Ouray County, Colorado",420600.0
989,2017,8,91,1.0777777777777777,"Ouray County, Colorado",420600.0
990,2017,8,93,1.1104651162790697,"Park County, Colorado",262300.0
991,2017,8,93,1.1104651162790697,"Park County, Colorado",262300.0
992,2017,8,95,1.172945205479452,"Phillips County, Colorado",132600.0
993,2017,8,95,1.172945205479452,"Phillips County, Colorado",132600.0
994,2017,8,97,1.128787878787879,"Pitkin County, Colorado",593600.0
995,2017,8,97,1.128787878787879,"Pitkin County, Colorado",593600.0
996,2017,8,99,1.1929203539823008,"Prowers County, Colorado",94400.0
997,2017,8,99,1.1929203539823008,"Prowers County, Colorado",94400.0
998,2017,8,101,1.1621322716213227,"Pueblo County, Colorado",148000.0
999,2017,8,101,1.1621322716213227,"Pueblo County, Colorado",148000.0
1000,2017,8,103,1.1554054054054055,"Rio Blanco County, Colorado",201000.0
1001,2017,8,103,1.1554054054054055,"Rio Blanco County, Colorado",201000.0
1002,2017,8,105,1.1219512195121952,"Rio Grande County, Colorado",143000.0
1003,2017,8,105,1.1219512195121952,"Rio Grande County, Colorado",143000.0
1004,2017,8,107,1.1487101669195752,"Routt County, Colorado",460600.0
1005,2017,8,107,1.1487101669195752,"Routt County, Colorado",460600.0
1006,2017,8,109,1.1598360655737705,"Saguache County, Colorado",150100.0
1007,2017,8,109,1.1598360655737705,"Saguache County, Colorado",150100.0
1008,2017,8,111,1.1136363636363635,"San Juan County, Colorado",269400.0
1009,2017,8,111,1.1136363636363635,"San Juan County, Colorado",269400.0
1010,2017,8,113,1.1041666666666667,"San Miguel County, Colorado",485000.0
1011,2017,8,113,1.1041666666666667,"San Miguel County, Colorado",485000.0
1012,2017,8,115,1.2152317880794703,"Sedgwick County, Colorado",91500.0
1013,2017,8,115,1.2152317880794703,"Sedgwick County, Colorado",91500.0
1014,2017,8,117,1.129360465116279,"Summit County, Colorado",547700.0
1015,2017,8,117,1.129360465116279,"Summit County, Colorado",547700.0
1016,2017,8,119,1.164079822616408,"Teller County, Colorado",261100.0
1017,2017,8,119,1.164079822616408,"Teller County, Colorado",261100.0
1018,2017,8,121,1.1522727272727273,"Washington County, Colorado",120300.0
1019,2017,8,121,1.1522727272727273,"Washington County, Colorado",120300.0
1020,2017,8,123,1.1756189373099755,"Weld County, Colorado",245000.0
1021,2017,8,123,1.1756189373099755,"Weld County, Colorado",245000.0
1022,2017,8,125,1.141304347826087,"Yuma County, Colorado",148800.0
1023,2017,8,125,1.141304347826087,"Yuma County, Colorado",148800.0
1024,2018,8,1,1.1543259410563176,"Adams County, Colorado",273000.0
1025,2018,8,1,1.1543259410563176,"Adams County, Colorado",273000.0
1026,2018,8,3,1.1928,"Alamosa County, Colorado",157500.0
1027,2018,8,3,1.1928,"Alamosa County, Colorado",157500.0
1028,2018,8,5,1.1837534220711792,"Arapahoe County, Colorado",327800.0
1029,2018,8,5,1.1837534220711792,"Arapahoe County, Colorado",327800.0
1030,2018,8,7,1.2230769230769232,"Archuleta County, Colorado",295500.0
1031,2018,8,7,1.2230769230769232,"Archuleta County, Colorado",295500.0
1032,2018,8,9,1.2093023255813953,"Baca County, Colorado",82200.0
1033,2018,8,9,1.2093023255813953,"Baca County, Colorado",82200.0
1034,2018,8,11,1.2036363636363636,"Bent County, Colorado",80600.0
1035,2018,8,11,1.2036363636363636,"Bent County, Colorado",80600.0
1036,2018,8,13,1.1522084228219256,"Boulder County, Colorado",462200.0
1037,2018,8,13,1.1522084228219256,"Boulder County, Colorado",462200.0
1038,2018,8,14,1.1607068607068607,"Broomfield County, Colorado",382800.0
1039,2018,8,14,1.1607068607068607,"Broomfield County, Colorado",382800.0
1040,2018,8,15,1.1387240356083086,"Chaffee County, Colorado",335900.0
1041,2018,8,15,1.1387240356083086,"Chaffee County, Colorado",335900.0
1042,2018,8,17,1.2352941176470589,"Cheyenne County, Colorado",104000.0
1043,2018,8,17,1.2352941176470589,"Cheyenne County, Colorado",104000.0
1044,2018,8,19,1.1649122807017545,"Clear Creek County, Colorado",357000.0
1045,2018,8,19,1.1649122807017545,"Clear Creek County, Colorado",357000.0
1046,2018,8,21,1.1660079051383399,"Conejos County, Colorado",117600.0
1047,2018,8,21,1.1660079051383399,"Conejos County, Colorado",117600.0
1048,2018,8,23,1.1597633136094674,"Costilla County, Colorado",113200.0
1049,2018,8,23,1.1597633136094674,"Costilla County, Colorado",113200.0
1050,2018,8,25,1.2397260273972603,"Crowley County, Colorado",71700.0
1051,2018,8,25,1.2397260273972603,"Crowley County, Colorado",71700.0
1052,2018,8,27,1.1732954545454546,"Custer County, Colorado",262200.0
1053,2018,8,27,1.1732954545454546,"Custer County, Colorado",262200.0
1054,2018,8,29,1.1974708171206225,"Delta County, Colorado",219000.0
1055,2018,8,29,1.1974708171206225,"Delta County, Colorado",219000.0
1056,2018,8,31,1.161966172512153,"Denver County, Colorado",357300.0
1057,2018,8,31,1.161966172512153,"Denver County, Colorado",357300.0
1058,2018,8,33,1.2894736842105263,"Dolores County, Colorado",115900.0
1059,2018,8,33,1.2894736842105263,"Dolores County, Colorado",115900.0
1060,2018,8,35,1.1989762436015226,"Douglas County, Colorado",441100.0
1061,2018,8,35,1.1989762436015226,"Douglas County, Colorado",441100.0
1062,2018,8,37,1.192367601246106,"Eagle County, Colorado",538600.0
1063,2018,8,37,1.192367601246106,"Eagle County, Colorado",538600.0
1064,2018,8,39,1.2160413971539457,"Elbert County, Colorado",425500.0
1065,2018,8,39,1.2160413971539457,"Elbert County, Colorado",425500.0
1066,2018,8,41,1.1758764740098355,"El Paso County, Colorado",254300.0
1067,2018,8,41,1.1758764740098355,"El Paso County, Colorado",254300.0
1068,2018,8,43,1.1336692353289863,"Fremont County, Colorado",163300.0
1069,2018,8,43,1.1336692353289863,"Fremont County, Colorado",163300.0
1070,2018,8,45,1.2620772946859904,"Garfield County, Colorado",337900.0
1071,2018,8,45,1.2620772946859904,"Garfield County, Colorado",337900.0
1072,2018,8,47,1.1901041666666667,"Gilpin County, Colorado",337400.0
1073,2018,8,47,1.1901041666666667,"Gilpin County, Colorado",337400.0
1074,2018,8,49,1.1882086167800454,"Grand County, Colorado",295800.0
1075,2018,8,49,1.1882086167800454,"Grand County, Colorado",295800.0
1076,2018,8,51,1.1574193548387097,"Gunnison County, Colorado",339400.0
1077,2018,8,51,1.1574193548387097,"Gunnison County, Colorado",339400.0
1078,2018,8,53,1.2234042553191489,"Hinsdale County, Colorado",331100.0
1079,2018,8,53,1.2234042553191489,"Hinsdale County, Colorado",331100.0
1080,2018,8,55,1.2320261437908497,"Huerfano County, Colorado",157200.0
1081,2018,8,55,1.2320261437908497,"Huerfano County, Colorado",157200.0
1082,2018,8,57,1.2432432432432432,"Jackson County, Colorado",195400.0
1083,2018,8,57,1.2432432432432432,"Jackson County, Colorado",195400.0
1084,2018,8,59,1.1625215889464595,"Jefferson County, Colorado",366800.0
1085,2018,8,59,1.1625215889464595,"Jefferson County, Colorado",366800.0
1086,2018,8,61,1.2,"Kiowa County, Colorado",80100.0
1087,2018,8,61,1.2,"Kiowa County, Colorado",80100.0
1088,2018,8,63,1.209832134292566,"Kit Carson County, Colorado",140800.0
1089,2018,8,63,1.209832134292566,"Kit Carson County, Colorado",140800.0
1090,2018,8,65,1.1720588235294118,"Lake County, Colorado",214000.0
1091,2018,8,65,1.1720588235294118,"Lake County, Colorado",214000.0
1092,2018,8,67,1.3001502629601802,"La Plata County, Colorado",375400.0
1093,2018,8,67,1.3001502629601802,"La Plata County, Colorado",375400.0
1094,2018,8,69,1.1718413496051687,"Larimer County, Colorado",336200.0
1095,2018,8,69,1.1718413496051687,"Larimer County, Colorado",336200.0
1096,2018,8,71,1.1934840425531914,"Las Animas County, Colorado",147100.0
1097,2018,8,71,1.1934840425531914,"Las Animas County, Colorado",147100.0
1098,2018,8,73,1.2380952380952381,"Lincoln County, Colorado",135700.0
1099,2018,8,73,1.2380952380952381,"Lincoln County, Colorado",135700.0
1100,2018,8,75,1.259871931696905,"Logan County, Colorado",154500.0
1101,2018,8,75,1.259871931696905,"Logan County, Colorado",154500.0
1102,2018,8,77,1.2592538618478577,"Mesa County, Colorado",214400.0
1103,2018,8,77,1.2592538618478577,"Mesa County, Colorado",214400.0
1104,2018,8,79,1.3125,"Mineral County, Colorado",293600.0
1105,2018,8,79,1.3125,"Mineral County, Colorado",293600.0
1106,2018,8,81,1.2590975254730714,"Moffat County, Colorado",170700.0
1107,2018,8,81,1.2590975254730714,"Moffat County, Colorado",170700.0
1108,2018,8,83,1.3,"Montezuma County, Colorado",208300.0
1109,2018,8,83,1.3,"Montezuma County, Colorado",208300.0
1110,2018,8,85,1.1528637770897834,"Montrose County, Colorado",212900.0
1111,2018,8,85,1.1528637770897834,"Montrose County, Colorado",212900.0
1112,2018,8,87,1.2223367697594503,"Morgan County, Colorado",183900.0
1113,2018,8,87,1.2223367697594503,"Morgan County, Colorado",183900.0
1114,2018,8,89,1.2244239631336407,"Otero County, Colorado",91900.0
1115,2018,8,89,1.2244239631336407,"Otero County, Colorado",91900.0
1116,2018,8,91,1.1558823529411764,"Ouray County, Colorado",419900.0
1117,2018,8,91,1.1558823529411764,"Ouray County, Colorado",419900.0
1118,2018,8,93,1.1742556917688267,"Park County, Colorado",284800.0
1119,2018,8,93,1.1742556917688267,"Park County, Colorado",284800.0
1120,2018,8,95,1.252824858757062,"Phillips County, Colorado",155500.0
1121,2018,8,95,1.252824858757062,"Phillips County, Colorado",155500.0
1122,2018,8,97,1.1890359168241966,"Pitkin County, Colorado",623400.0
1123,2018,8,97,1.1890359168241966,"Pitkin County, Colorado",623400.0
1124,2018,8,99,1.1766233766233767,"Prowers County, Colorado",94100.0
1125,2018,8,99,1.1766233766233767,"Prowers County, Colorado",94100.0
1126,2018,8,101,1.2319604086845466,"Pueblo County, Colorado",155400.0
1127,2018,8,101,1.2319604086845466,"Pueblo County, Colorado",155400.0
1128,2018,8,103,1.2537313432835822,"Rio Blanco County, Colorado",203100.0
1129,2018,8,103,1.2537313432835822,"Rio Blanco County, Colorado",203100.0
1130,2018,8,105,1.2223587223587224,"Rio Grande County, Colorado",161300.0
1131,2018,8,105,1.2223587223587224,"Rio Grande County, Colorado",161300.0
1132,2018,8,107,1.1843575418994414,"Routt County, Colorado",510600.0
1133,2018,8,107,1.1843575418994414,"Routt County, Colorado",510600.0
1134,2018,8,109,1.1952191235059761,"Saguache County, Colorado",149500.0
1135,2018,8,109,1.1952191235059761,"Saguache County, Colorado",149500.0
1136,2018,8,111,1.25,"San Juan County, Colorado",286700.0
1137,2018,8,111,1.25,"San Juan County, Colorado",286700.0
1138,2018,8,113,1.1847389558232932,"San Miguel County, Colorado",491100.0
1139,2018,8,113,1.1847389558232932,"San Miguel County, Colorado",491100.0
1140,2018,8,115,1.2727272727272727,"Sedgwick County, Colorado",87300.0
1141,2018,8,115,1.2727272727272727,"Sedgwick County, Colorado",87300.0
1142,2018,8,117,1.1398348813209493,"Summit County, Colorado",563000.0
1143,2018,8,117,1.1398348813209493,"Summit County, Colorado",563000.0
1144,2018,8,119,1.1673469387755102,"Teller County, Colorado",279100.0
1145,2018,8,119,1.1673469387755102,"Teller County, Colorado",279100.0
1146,2018,8,121,1.2214285714285715,"Washington County, Colorado",138700.0
1147,2018,8,121,1.2214285714285715,"Washington County, Colorado",138700.0
1148,2018,8,123,1.1704611229017943,"Weld County, Colorado",269400.0
1149,2018,8,123,1.1704611229017943,"Weld County, Colorado",269400.0
1150,2018,8,125,1.2343137254901961,"Yuma County, Colorado",171600.0
1151,2018,8,125,1.2343137254901961,"Yuma County, Colorado",171600.0
1152,2019,8,1,1.0321942953967806,"Adams County, Colorado",307600.0
1153,2019,8,1,1.0321942953967806,"Adams County, Colorado",307600.0
1154,2019,8,3,1.0026178010471205,"Alamosa County, Colorado",157500.0
1155,2019,8,3,1.0026178010471205,"Alamosa County, Colorado",157500.0
1156,2019,8,5,1.0680986475735879,"Arapahoe County, Colorado",358200.0
1157,2019,8,5,1.0680986475735879,"Arapahoe County, Colorado",358200.0
1158,2019,8,7,1.1129032258064515,"Archuleta County, Colorado",314400.0
1159,2019,8,7,1.1129032258064515,"Archuleta County, Colorado",314400.0
1160,2019,8,9,1.043010752688172,"Baca County, Colorado",83500.0
1161,2019,8,9,1.043010752688172,"Baca County, Colorado",83500.0
1162,2019,8,11,1.0675675675675675,"Bent County, Colorado",81000.0
1163,2019,8,11,1.0675675675675675,"Bent County, Colorado",81000.0
1164,2019,8,13,1.040187678498572,"Boulder County, Colorado",497300.0
1165,2019,8,13,1.040187678498572,"Boulder County, Colorado",497300.0
1166,2019,8,14,1.0171790235081375,"Broomfield County, Colorado",413500.0
1167,2019,8,14,1.0171790235081375,"Broomfield County, Colorado",413500.0
1168,2019,8,15,1.1512195121951219,"Chaffee County, Colorado",357800.0
1169,2019,8,15,1.1512195121951219,"Chaffee County, Colorado",357800.0
1170,2019,8,17,1.0422535211267605,"Cheyenne County, Colorado",108000.0
1171,2019,8,17,1.0422535211267605,"Cheyenne County, Colorado",108000.0
1172,2019,8,19,1.0333333333333334,"Clear Creek County, Colorado",378300.0
1173,2019,8,19,1.0333333333333334,"Clear Creek County, Colorado",378300.0
1174,2019,8,21,1.0057471264367817,"Conejos County, Colorado",120500.0
1175,2019,8,21,1.0057471264367817,"Conejos County, Colorado",120500.0
1176,2019,8,23,1.0,"Costilla County, Colorado",113000.0
1177,2019,8,23,1.0,"Costilla County, Colorado",113000.0
1178,2019,8,25,1.047872340425532,"Crowley County, Colorado",79400.0
1179,2019,8,25,1.047872340425532,"Crowley County, Colorado",79400.0
1180,2019,8,27,1.0075757575757576,"Custer County, Colorado",281900.0
1181,2019,8,27,1.0075757575757576,"Custer County, Colorado",281900.0
1182,2019,8,29,1.1974248927038627,"Delta County, Colorado",241500.0
1183,2019,8,29,1.1974248927038627,"Delta County, Colorado",241500.0
1184,2019,8,31,1.0690001434514418,"Denver County, Colorado",390600.0
1185,2019,8,31,1.0690001434514418,"Denver County, Colorado",390600.0
1186,2019,8,33,1.064516129032258,"Dolores County, Colorado",116600.0
1187,2019,8,33,1.064516129032258,"Dolores County, Colorado",116600.0
1188,2019,8,35,1.0940674522551808,"Douglas County, Colorado",468700.0
1189,2019,8,35,1.0940674522551808,"Douglas County, Colorado",468700.0
1190,2019,8,37,1.0873493975903614,"Eagle County, Colorado",562300.0
1191,2019,8,37,1.0873493975903614,"Eagle County, Colorado",562300.0
1192,2019,8,39,1.102189781021898,"Elbert County, Colorado",463600.0
1193,2019,8,39,1.102189781021898,"Elbert County, Colorado",463600.0
1194,2019,8,41,1.0607791850220265,"El Paso County, Colorado",275000.0
1195,2019,8,41,1.0607791850220265,"El Paso County, Colorado",275000.0
1196,2019,8,43,1.1570477247502775,"Fremont County, Colorado",174000.0
1197,2019,8,43,1.1570477247502775,"Fremont County, Colorado",174000.0
1198,2019,8,45,1.1105371900826446,"Garfield County, Colorado",360600.0
1199,2019,8,45,1.1105371900826446,"Garfield County, Colorado",360600.0
1200,2019,8,47,1.0,"Gilpin County, Colorado",353400.0
1201,2019,8,47,1.0,"Gilpin County, Colorado",353400.0
1202,2019,8,49,1.0,"Grand County, Colorado",308200.0
1203,2019,8,49,1.0,"Grand County, Colorado",308200.0
1204,2019,8,51,1.2324324324324325,"Gunnison County, Colorado",367300.0
1205,2019,8,51,1.2324324324324325,"Gunnison County, Colorado",367300.0
1206,2019,8,53,1.3181818181818181,"Hinsdale County, Colorado",350000.0
1207,2019,8,53,1.3181818181818181,"Hinsdale County, Colorado",350000.0
1208,2019,8,55,1.0,"Huerfano County, Colorado",161600.0
1209,2019,8,55,1.0,"Huerfano County, Colorado",161600.0
1210,2019,8,57,1.0869565217391304,"Jackson County, Colorado",196700.0
1211,2019,8,57,1.0869565217391304,"Jackson County, Colorado",196700.0
1212,2019,8,59,1.0708111090675005,"Jefferson County, Colorado",397700.0
1213,2019,8,59,1.0708111090675005,"Jefferson County, Colorado",397700.0
1214,2019,8,61,1.0638297872340425,"Kiowa County, Colorado",86500.0
1215,2019,8,61,1.0638297872340425,"Kiowa County, Colorado",86500.0
1216,2019,8,63,1.011049723756906,"Kit Carson County, Colorado",122400.0
1217,2019,8,63,1.011049723756906,"Kit Carson County, Colorado",122400.0
1218,2019,8,65,1.1643835616438356,"Lake County, Colorado",232100.0
1219,2019,8,65,1.1643835616438356,"Lake County, Colorado",232100.0
1220,2019,8,67,1.0449152542372881,"La Plata County, Colorado",395600.0
1221,2019,8,67,1.0449152542372881,"La Plata County, Colorado",395600.0
1222,2019,8,69,1.100655737704918,"Larimer County, Colorado",363800.0
1223,2019,8,69,1.100655737704918,"Larimer County, Colorado",363800.0
1224,2019,8,71,1.002202643171806,"Las Animas County, Colorado",151100.0
1225,2019,8,71,1.002202643171806,"Las Animas County, Colorado",151100.0
1226,2019,8,73,1.0368421052631578,"Lincoln County, Colorado",147100.0
1227,2019,8,73,1.0368421052631578,"Lincoln County, Colorado",147100.0
1228,2019,8,75,1.1333333333333333,"Logan County, Colorado",157900.0
1229,2019,8,75,1.1333333333333333,"Logan County, Colorado",157900.0
1230,2019,8,77,1.0,"Mesa County, Colorado",227000.0
1231,2019,8,77,1.0,"Mesa County, Colorado",227000.0
1232,2019,8,79,1.3125,"Mineral County, Colorado",308600.0
1233,2019,8,79,1.3125,"Mineral County, Colorado",308600.0
1234,2019,8,81,1.1451612903225807,"Moffat County, Colorado",182300.0
1235,2019,8,81,1.1451612903225807,"Moffat County, Colorado",182300.0
1236,2019,8,83,1.086340206185567,"Montezuma County, Colorado",222800.0
1237,2019,8,83,1.086340206185567,"Montezuma County, Colorado",222800.0
1238,2019,8,85,1.2523961661341854,"Montrose County, Colorado",224400.0
1239,2019,8,85,1.2523961661341854,"Montrose County, Colorado",224400.0
1240,2019,8,87,1.0715667311411992,"Morgan County, Colorado",201200.0
1241,2019,8,87,1.0715667311411992,"Morgan County, Colorado",201200.0
1242,2019,8,89,1.0388026607538803,"Otero County, Colorado",94900.0
1243,2019,8,89,1.0388026607538803,"Otero County, Colorado",94900.0
1244,2019,8,91,1.4210526315789473,"Ouray County, Colorado",449000.0
1245,2019,8,91,1.4210526315789473,"Ouray County, Colorado",449000.0
1246,2019,8,93,1.15625,"Park County, Colorado",327200.0
1247,2019,8,93,1.15625,"Park County, Colorado",327200.0
1248,2019,8,95,1.12,"Phillips County, Colorado",158500.0
1249,2019,8,95,1.12,"Phillips County, Colorado",158500.0
1250,2019,8,97,1.0956521739130434,"Pitkin County, Colorado",615900.0
1251,2019,8,97,1.0956521739130434,"Pitkin County, Colorado",615900.0
1252,2019,8,99,1.0655487804878048,"Prowers County, Colorado",106100.0
1253,2019,8,99,1.0655487804878048,"Prowers County, Colorado",106100.0
1254,2019,8,101,1.0603978300180832,"Pueblo County, Colorado",164600.0
1255,2019,8,101,1.0603978300180832,"Pueblo County, Colorado",164600.0
1256,2019,8,103,1.1885245901639345,"Rio Blanco County, Colorado",197100.0
1257,2019,8,103,1.1885245901639345,"Rio Blanco County, Colorado",197100.0
1258,2019,8,105,1.08,"Rio Grande County, Colorado",172000.0
1259,2019,8,105,1.08,"Rio Grande County, Colorado",172000.0
1260,2019,8,107,1.2328767123287672,"Routt County, Colorado",535300.0
1261,2019,8,107,1.2328767123287672,"Routt County, Colorado",535300.0
1262,2019,8,109,1.0208333333333333,"Saguache County, Colorado",152700.0
1263,2019,8,109,1.0208333333333333,"Saguache County, Colorado",152700.0
1264,2019,8,111,1.2777777777777777,"San Juan County, Colorado",322400.0
1265,2019,8,111,1.2777777777777777,"San Juan County, Colorado",322400.0
1266,2019,8,113,1.2761194029850746,"San Miguel County, Colorado",479300.0
1267,2019,8,113,1.2761194029850746,"San Miguel County, Colorado",479300.0
1268,2019,8,115,1.1329113924050633,"Sedgwick County, Colorado",97100.0
1269,2019,8,115,1.1329113924050633,"Sedgwick County, Colorado",97100.0
1270,2019,8,117,1.0833333333333333,"Summit County, Colorado",579600.0
1271,2019,8,117,1.0833333333333333,"Summit County, Colorado",579600.0
1272,2019,8,119,1.112781954887218,"Teller County, Colorado",292700.0
1273,2019,8,119,1.112781954887218,"Teller County, Colorado",292700.0
1274,2019,8,121,1.0765765765765767,"Washington County, Colorado",151300.0
1275,2019,8,121,1.0765765765765767,"Washington County, Colorado",151300.0
1276,2019,8,123,1.0710311572700297,"Weld County, Colorado",299000.0
1277,2019,8,123,1.0710311572700297,"Weld County, Colorado",299000.0
1278,2019,8,125,1.0833333333333333,"Yuma County, Colorado",191800.0
1279,2019,8,125,1.0833333333333333,"Yuma County, Colorado",191800.0
